-- MariaDB dump 10.17  Distrib 10.4.12-MariaDB, for Linux (x86_64)
--
-- Host: localhost    Database: blog
-- ------------------------------------------------------
-- Server version	10.4.12-MariaDB

/*!40101 SET @OLD_CHARACTER_SET_CLIENT=@@CHARACTER_SET_CLIENT */;
/*!40101 SET @OLD_CHARACTER_SET_RESULTS=@@CHARACTER_SET_RESULTS */;
/*!40101 SET @OLD_COLLATION_CONNECTION=@@COLLATION_CONNECTION */;
/*!40101 SET NAMES utf8mb4 */;
/*!40103 SET @OLD_TIME_ZONE=@@TIME_ZONE */;
/*!40103 SET TIME_ZONE='+00:00' */;
/*!40014 SET @OLD_UNIQUE_CHECKS=@@UNIQUE_CHECKS, UNIQUE_CHECKS=0 */;
/*!40014 SET @OLD_FOREIGN_KEY_CHECKS=@@FOREIGN_KEY_CHECKS, FOREIGN_KEY_CHECKS=0 */;
/*!40101 SET @OLD_SQL_MODE=@@SQL_MODE, SQL_MODE='NO_AUTO_VALUE_ON_ZERO' */;
/*!40111 SET @OLD_SQL_NOTES=@@SQL_NOTES, SQL_NOTES=0 */;

--
-- Table structure for table `auth_group`
--

DROP TABLE IF EXISTS `auth_group`;
/*!40101 SET @saved_cs_client     = @@character_set_client */;
/*!40101 SET character_set_client = utf8 */;
CREATE TABLE `auth_group` (
  `id` int(11) NOT NULL AUTO_INCREMENT,
  `name` varchar(150) COLLATE utf8mb4_unicode_ci NOT NULL,
  PRIMARY KEY (`id`),
  UNIQUE KEY `name` (`name`)
) ENGINE=InnoDB DEFAULT CHARSET=utf8mb4 COLLATE=utf8mb4_unicode_ci;
/*!40101 SET character_set_client = @saved_cs_client */;

--
-- Dumping data for table `auth_group`
--

LOCK TABLES `auth_group` WRITE;
/*!40000 ALTER TABLE `auth_group` DISABLE KEYS */;
/*!40000 ALTER TABLE `auth_group` ENABLE KEYS */;
UNLOCK TABLES;

--
-- Table structure for table `auth_group_permissions`
--

DROP TABLE IF EXISTS `auth_group_permissions`;
/*!40101 SET @saved_cs_client     = @@character_set_client */;
/*!40101 SET character_set_client = utf8 */;
CREATE TABLE `auth_group_permissions` (
  `id` int(11) NOT NULL AUTO_INCREMENT,
  `group_id` int(11) NOT NULL,
  `permission_id` int(11) NOT NULL,
  PRIMARY KEY (`id`),
  UNIQUE KEY `auth_group_permissions_group_id_permission_id_0cd325b0_uniq` (`group_id`,`permission_id`),
  KEY `auth_group_permissions_group_id_b120cbf9` (`group_id`),
  KEY `auth_group_permissions_permission_id_84c5c92e` (`permission_id`)
) ENGINE=InnoDB DEFAULT CHARSET=utf8mb4 COLLATE=utf8mb4_unicode_ci;
/*!40101 SET character_set_client = @saved_cs_client */;

--
-- Dumping data for table `auth_group_permissions`
--

LOCK TABLES `auth_group_permissions` WRITE;
/*!40000 ALTER TABLE `auth_group_permissions` DISABLE KEYS */;
/*!40000 ALTER TABLE `auth_group_permissions` ENABLE KEYS */;
UNLOCK TABLES;

--
-- Table structure for table `auth_permission`
--

DROP TABLE IF EXISTS `auth_permission`;
/*!40101 SET @saved_cs_client     = @@character_set_client */;
/*!40101 SET character_set_client = utf8 */;
CREATE TABLE `auth_permission` (
  `id` int(11) NOT NULL AUTO_INCREMENT,
  `content_type_id` int(11) NOT NULL,
  `codename` varchar(100) COLLATE utf8mb4_unicode_ci NOT NULL,
  `name` varchar(255) COLLATE utf8mb4_unicode_ci NOT NULL,
  PRIMARY KEY (`id`),
  UNIQUE KEY `auth_permission_content_type_id_codename_01ab375a_uniq` (`content_type_id`,`codename`),
  KEY `auth_permission_content_type_id_2f476e4b` (`content_type_id`)
) ENGINE=InnoDB AUTO_INCREMENT=65 DEFAULT CHARSET=utf8mb4 COLLATE=utf8mb4_unicode_ci;
/*!40101 SET character_set_client = @saved_cs_client */;

--
-- Dumping data for table `auth_permission`
--

LOCK TABLES `auth_permission` WRITE;
/*!40000 ALTER TABLE `auth_permission` DISABLE KEYS */;
INSERT INTO `auth_permission` VALUES (1,1,'add_logentry','Can add log entry'),(2,1,'change_logentry','Can change log entry'),(3,1,'delete_logentry','Can delete log entry'),(4,1,'view_logentry','Can view log entry'),(5,2,'add_permission','Can add permission'),(6,2,'change_permission','Can change permission'),(7,2,'delete_permission','Can delete permission'),(8,2,'view_permission','Can view permission'),(9,3,'add_group','Can add group'),(10,3,'change_group','Can change group'),(11,3,'delete_group','Can delete group'),(12,3,'view_group','Can view group'),(13,4,'add_user','Can add user'),(14,4,'change_user','Can change user'),(15,4,'delete_user','Can delete user'),(16,4,'view_user','Can view user'),(17,5,'add_contenttype','Can add content type'),(18,5,'change_contenttype','Can change content type'),(19,5,'delete_contenttype','Can delete content type'),(20,5,'view_contenttype','Can view content type'),(21,6,'add_session','Can add session'),(22,6,'change_session','Can change session'),(23,6,'delete_session','Can delete session'),(24,6,'view_session','Can view session'),(25,7,'add_articles','Can add Статья'),(26,7,'change_articles','Can change Статья'),(27,7,'delete_articles','Can delete Статья'),(28,7,'view_articles','Can view Статья'),(29,8,'add_interview','Can add Интервью'),(30,8,'change_interview','Can change Интервью'),(31,8,'delete_interview','Can delete Интервью'),(32,8,'view_interview','Can view Интервью'),(33,9,'add_news','Can add Новости'),(34,9,'change_news','Can change Новости'),(35,9,'delete_news','Can delete Новости'),(36,9,'view_news','Can view Новости'),(37,10,'add_category','Can add Категория'),(38,10,'change_category','Can change Категория'),(39,10,'delete_category','Can delete Категория'),(40,10,'view_category','Can view Категория'),(41,11,'add_category','Can add Категория'),(42,11,'change_category','Can change Категория'),(43,11,'delete_category','Can delete Категория'),(44,11,'view_category','Can view Категория'),(45,12,'add_type','Can add Тип'),(46,12,'change_type','Can change Тип'),(47,12,'delete_type','Can delete Тип'),(48,12,'view_type','Can view Тип'),(49,13,'add_categoryarticles','Can add Категория статей'),(50,13,'change_categoryarticles','Can change Категория статей'),(51,13,'delete_categoryarticles','Can delete Категория статей'),(52,13,'view_categoryarticles','Can view Категория статей'),(53,14,'add_categorynews','Can add Категория новостей'),(54,14,'change_categorynews','Can change Категория новостей'),(55,14,'delete_categorynews','Can delete Категория новостей'),(56,14,'view_categorynews','Can view Категория новостей'),(57,15,'add_profile','Can add Профиль'),(58,15,'change_profile','Can change Профиль'),(59,15,'delete_profile','Can delete Профиль'),(60,15,'view_profile','Can view Профиль'),(61,16,'add_profile','Can add Профиль'),(62,16,'change_profile','Can change Профиль'),(63,16,'delete_profile','Can delete Профиль'),(64,16,'view_profile','Can view Профиль');
/*!40000 ALTER TABLE `auth_permission` ENABLE KEYS */;
UNLOCK TABLES;

--
-- Table structure for table `auth_user`
--

DROP TABLE IF EXISTS `auth_user`;
/*!40101 SET @saved_cs_client     = @@character_set_client */;
/*!40101 SET character_set_client = utf8 */;
CREATE TABLE `auth_user` (
  `id` int(11) NOT NULL AUTO_INCREMENT,
  `password` varchar(128) COLLATE utf8mb4_unicode_ci NOT NULL,
  `last_login` datetime DEFAULT NULL,
  `is_superuser` tinyint(1) NOT NULL,
  `username` varchar(150) COLLATE utf8mb4_unicode_ci NOT NULL,
  `first_name` varchar(30) COLLATE utf8mb4_unicode_ci NOT NULL,
  `email` varchar(254) COLLATE utf8mb4_unicode_ci NOT NULL,
  `is_staff` tinyint(1) NOT NULL,
  `is_active` tinyint(1) NOT NULL,
  `date_joined` datetime NOT NULL,
  `last_name` varchar(150) COLLATE utf8mb4_unicode_ci NOT NULL,
  PRIMARY KEY (`id`),
  UNIQUE KEY `username` (`username`)
) ENGINE=InnoDB AUTO_INCREMENT=4 DEFAULT CHARSET=utf8mb4 COLLATE=utf8mb4_unicode_ci;
/*!40101 SET character_set_client = @saved_cs_client */;

--
-- Dumping data for table `auth_user`
--

LOCK TABLES `auth_user` WRITE;
/*!40000 ALTER TABLE `auth_user` DISABLE KEYS */;
INSERT INTO `auth_user` VALUES (1,'pbkdf2_sha256$180000$cmhJJtmLdmOa$8JxO/MYAFQGMXSFsbJ91XcHVR4EimX1x6CbhkH98P1E=','2020-05-26 10:09:28',1,'Admin','','bb@bb.ru',1,1,'2020-05-04 17:39:15',''),(2,'pbkdf2_sha256$180000$yO7GQpjH9REy$rKC9q3QUdXLtzQCJz2QSv7wayWFhfVCfw1iAc3MvE3k=',NULL,1,'Rasim','','',1,1,'2020-05-12 13:19:58',''),(3,'pbkdf2_sha256$180000$sOxXR55QC37e$aE2gpFXC2YDrvdo/1qLrg6CiDVoD2CpmYehNW/+sdKs=','2020-05-27 10:14:26',0,'Forest','','formcsp@gmail.com',0,1,'2020-05-26 10:09:53','');
/*!40000 ALTER TABLE `auth_user` ENABLE KEYS */;
UNLOCK TABLES;

--
-- Table structure for table `auth_user_groups`
--

DROP TABLE IF EXISTS `auth_user_groups`;
/*!40101 SET @saved_cs_client     = @@character_set_client */;
/*!40101 SET character_set_client = utf8 */;
CREATE TABLE `auth_user_groups` (
  `id` int(11) NOT NULL AUTO_INCREMENT,
  `user_id` int(11) NOT NULL,
  `group_id` int(11) NOT NULL,
  PRIMARY KEY (`id`),
  UNIQUE KEY `auth_user_groups_user_id_group_id_94350c0c_uniq` (`user_id`,`group_id`),
  KEY `auth_user_groups_user_id_6a12ed8b` (`user_id`),
  KEY `auth_user_groups_group_id_97559544` (`group_id`)
) ENGINE=InnoDB DEFAULT CHARSET=utf8mb4 COLLATE=utf8mb4_unicode_ci;
/*!40101 SET character_set_client = @saved_cs_client */;

--
-- Dumping data for table `auth_user_groups`
--

LOCK TABLES `auth_user_groups` WRITE;
/*!40000 ALTER TABLE `auth_user_groups` DISABLE KEYS */;
/*!40000 ALTER TABLE `auth_user_groups` ENABLE KEYS */;
UNLOCK TABLES;

--
-- Table structure for table `auth_user_user_permissions`
--

DROP TABLE IF EXISTS `auth_user_user_permissions`;
/*!40101 SET @saved_cs_client     = @@character_set_client */;
/*!40101 SET character_set_client = utf8 */;
CREATE TABLE `auth_user_user_permissions` (
  `id` int(11) NOT NULL AUTO_INCREMENT,
  `user_id` int(11) NOT NULL,
  `permission_id` int(11) NOT NULL,
  PRIMARY KEY (`id`),
  UNIQUE KEY `auth_user_user_permissions_user_id_permission_id_14a6b632_uniq` (`user_id`,`permission_id`),
  KEY `auth_user_user_permissions_user_id_a95ead1b` (`user_id`),
  KEY `auth_user_user_permissions_permission_id_1fbb5f2c` (`permission_id`)
) ENGINE=InnoDB AUTO_INCREMENT=61 DEFAULT CHARSET=utf8mb4 COLLATE=utf8mb4_unicode_ci;
/*!40101 SET character_set_client = @saved_cs_client */;

--
-- Dumping data for table `auth_user_user_permissions`
--

LOCK TABLES `auth_user_user_permissions` WRITE;
/*!40000 ALTER TABLE `auth_user_user_permissions` DISABLE KEYS */;
INSERT INTO `auth_user_user_permissions` VALUES (1,2,1),(2,2,2),(3,2,3),(4,2,4),(5,2,5),(6,2,6),(7,2,7),(8,2,8),(9,2,9),(10,2,10),(11,2,11),(12,2,12),(13,2,13),(14,2,14),(15,2,15),(16,2,16),(17,2,17),(18,2,18),(19,2,19),(20,2,20),(21,2,21),(22,2,22),(23,2,23),(24,2,24),(25,2,25),(26,2,26),(27,2,27),(28,2,28),(29,2,29),(30,2,30),(31,2,31),(32,2,32),(33,2,33),(34,2,34),(35,2,35),(36,2,36),(37,2,37),(38,2,38),(39,2,39),(40,2,40),(41,2,41),(42,2,42),(43,2,43),(44,2,44),(45,2,45),(46,2,46),(47,2,47),(48,2,48),(49,2,49),(50,2,50),(51,2,51),(52,2,52),(53,2,53),(54,2,54),(55,2,55),(56,2,56),(57,2,57),(58,2,58),(59,2,59),(60,2,60);
/*!40000 ALTER TABLE `auth_user_user_permissions` ENABLE KEYS */;
UNLOCK TABLES;

--
-- Table structure for table `django_admin_log`
--

DROP TABLE IF EXISTS `django_admin_log`;
/*!40101 SET @saved_cs_client     = @@character_set_client */;
/*!40101 SET character_set_client = utf8 */;
CREATE TABLE `django_admin_log` (
  `id` int(11) NOT NULL AUTO_INCREMENT,
  `action_time` datetime NOT NULL,
  `object_id` text COLLATE utf8mb4_unicode_ci DEFAULT NULL,
  `object_repr` varchar(200) COLLATE utf8mb4_unicode_ci NOT NULL,
  `change_message` text COLLATE utf8mb4_unicode_ci NOT NULL,
  `content_type_id` int(11) DEFAULT NULL,
  `user_id` int(11) NOT NULL,
  `action_flag` smallint(5) unsigned NOT NULL CHECK (`action_flag` >= 0),
  PRIMARY KEY (`id`),
  KEY `django_admin_log_content_type_id_c4bce8eb` (`content_type_id`),
  KEY `django_admin_log_user_id_c564eba6` (`user_id`)
) ENGINE=InnoDB AUTO_INCREMENT=299 DEFAULT CHARSET=utf8mb4 COLLATE=utf8mb4_unicode_ci;
/*!40101 SET character_set_client = @saved_cs_client */;

--
-- Dumping data for table `django_admin_log`
--

LOCK TABLES `django_admin_log` WRITE;
/*!40000 ALTER TABLE `django_admin_log` DISABLE KEYS */;
INSERT INTO `django_admin_log` VALUES (1,'2020-05-04 17:51:47','1','Перенос запуска TON: инвесторы вернут свои деньги акциями Telegram | Автор: Расим | Опублиоквано: 2020-05-04 17:51:47.063872+00:00','[{`added`: {}}]',7,1,1),(2,'2020-05-04 18:06:47','1','Перенос запуска TON: инвесторы вернут свои деньги акциями Telegram','[{`changed`: {`fields`: [`Image`]}}]',7,1,2),(3,'2020-05-04 19:55:53','2','KOD.RU 3.0 — нацеливайся на созидание вместе с нами','[{`added`: {}}]',7,1,1),(4,'2020-05-04 19:58:27','3','Восемь причин участвовать в соревнованиях по спортивному программированию','[{`added`: {}}]',7,1,1),(5,'2020-05-04 20:47:49','1','Перенос запуска TON: инвесторы вернут свои деньги акциями Telegram','[{`changed`: {`fields`: [`Image`]}}]',7,1,2),(6,'2020-05-04 23:28:48','1','Перенос запуска TON: инвесторы вернут свои деньги акциями Telegram','[{`changed`: {`fields`: [`Text`]}}]',7,1,2),(7,'2020-05-04 23:29:27','2','KOD.RU 3.0 — нацеливайся на созидание вместе с нами','[{`changed`: {`fields`: [`Text`]}}]',7,1,2),(8,'2020-05-04 23:30:05','3','Восемь причин участвовать в соревнованиях по спортивному программированию','[{`changed`: {`fields`: [`Text`]}}]',7,1,2),(9,'2020-05-05 00:20:46','1','Перенос запуска TON: инвесторы вернут свои деньги акциями Telegram Перенос запуска TON: инвесторы вернут свои деньги акциями Tel','[{`changed`: {`fields`: [`Title`]}}]',7,1,2),(10,'2020-05-05 00:21:04','1','Перенос запуска TON: инвесторы вернут свои деньги акциями Telegram','[{`changed`: {`fields`: [`Title`]}}]',7,1,2),(11,'2020-05-05 00:22:28','1','Перенос запуска TON: инвесторы вернут свои деньги акциями Telegram Перенос Перенос','[{`changed`: {`fields`: [`Title`]}}]',7,1,2),(12,'2020-05-05 00:22:41','1','Перенос запуска TON: инвесторы вернут свои деньги акциями Telegram Перенос Перенос Перенос','[{`changed`: {`fields`: [`Title`]}}]',7,1,2),(13,'2020-05-05 00:24:43','1','Перенос запуска TON: инвесторы вернут свои деньги акциями Telegram','[{`changed`: {`fields`: [`Title`]}}]',7,1,2),(16,'2020-05-05 07:26:17','4','Утечка iOS 14 раскрыла информацию о будущих продуктах Apple и фишках системы','[{`added`: {}}]',7,1,1),(17,'2020-05-05 07:27:38','4','Утечка iOS 14 раскрыла информацию о будущих продуктах Apple и фишках системы','[{`changed`: {`fields`: [`Text`]}}]',7,1,2),(18,'2020-05-05 08:20:56','5','Есть ли вирусы на Mac: мифы и легенды об угрозах для macOS','[{`added`: {}}]',7,1,1),(19,'2020-05-05 08:33:49','6','Провал Apple News+. Глава новостного бизнеса уволилась через 11 месяцев после за','[{`added`: {}}]',7,1,1),(20,'2020-05-05 08:34:40','6','Провал Apple News+. Глава новостного бизнеса уволилась через 11 месяцев после за','[{`changed`: {`fields`: [`Text`]}}]',7,1,2),(21,'2020-05-05 10:30:13','1','Интервью с основателями «Дикий Digital»: от маленького стартапа до инди-студии и','[{`added`: {}}]',8,1,1),(22,'2020-05-05 10:42:06','1','Интервью с основателями «Дикий Digital»: от маленького стартапа до инди-студии и','[{`changed`: {`fields`: [`Image`]}}]',8,1,2),(23,'2020-05-05 10:51:22','1','Перенос запуска TON: инвесторы вернут свои деньги акциями Telegram','[{`changed`: {`fields`: [`Image`]}}]',7,1,2),(24,'2020-05-05 10:51:42','2','KOD.RU 3.0 — нацеливайся на созидание вместе с нами','[{`changed`: {`fields`: [`Image`]}}]',7,1,2),(25,'2020-05-05 10:51:50','3','Восемь причин участвовать в соревнованиях по спортивному программированию','[{`changed`: {`fields`: [`Image`]}}]',7,1,2),(26,'2020-05-05 10:51:58','4','Утечка iOS 14 раскрыла информацию о будущих продуктах Apple и фишках системы','[{`changed`: {`fields`: [`Image`]}}]',7,1,2),(27,'2020-05-05 10:52:08','5','Есть ли вирусы на Mac: мифы и легенды об угрозах для macOS','[{`changed`: {`fields`: [`Image`]}}]',7,1,2),(28,'2020-05-05 10:52:15','6','Провал Apple News+. Глава новостного бизнеса уволилась через 11 месяцев после за','[{`changed`: {`fields`: [`Image`]}}]',7,1,2),(29,'2020-05-05 11:14:51','1','Интервью с основателями «Дикий Digital»: от маленького стартапа до инди-студии и','[{`changed`: {`fields`: [`Text`]}}]',8,1,2),(30,'2020-05-05 11:16:30','1','Интервью с основателями «Дикий Digital»: от маленького стартапа до инди-студии и','[{`changed`: {`fields`: [`Text`]}}]',8,1,2),(31,'2020-05-05 11:16:54','1','Интервью с основателями «Дикий Digital»: от маленького стартапа до инди-студии','[{`changed`: {`fields`: [`Title`]}}]',8,1,2),(32,'2020-05-05 11:24:29','2','«Дуров был не рад, что во всё это ввязался»: интервью с Антоном Розенбергом','[{`added`: {}}]',8,1,1),(33,'2020-05-05 11:27:02','3','Тематическая лента от ВКонтакте: так ли всё страшно для сообществ на самом деле?','[{`added`: {}}]',8,1,1),(34,'2020-05-05 11:32:00','4','Интервью с Василием Кривошеиным — архитектором, который проектирует целые стадионы и использует iPad Pro','[{`added`: {}}]',8,1,1),(35,'2020-05-05 11:35:58','5','«Со свободой всё хорошо, а с ответственностью — плохо». Полное интервью Александра Жарова','[{`added`: {}}]',8,1,1),(36,'2020-05-05 11:38:53','4','Интервью с Василием Кривошеиным — архитектором, который проектирует целые стадионы и использует iPad Pro','[{`changed`: {`fields`: [`Image`]}}]',8,1,2),(37,'2020-05-05 11:39:56','1','Интервью с основателями «Дикий Digital»: от маленького стартапа до инди-студии','[{`changed`: {`fields`: [`Image`]}}]',8,1,2),(38,'2020-05-06 10:55:42','6','Интервью с основателем крупнейшего в России сервиса аналитики Telegram-каналов — Telemetr.me','[{`added`: {}}]',8,1,1),(39,'2020-05-06 11:03:04','2','«Дуров был не рад, что во всё это ввязался»: интервью с Антоном Розенбергом','[{`changed`: {`fields`: [`Image`]}}]',8,1,2),(40,'2020-05-06 11:08:26','2','«Дуров был не рад, что во всё это ввязался»: интервью с Антоном Розенбергом','[{`changed`: {`fields`: [`Image`]}}]',8,1,2),(41,'2020-05-06 12:54:24','1','LG выпустила самый большой в мире OLED-телевизор с разрешением 8K','[{`added`: {}}]',9,1,1),(42,'2020-05-06 13:01:46','2','Илон Маск заработал 706 миллионов долларов в качестве первой премии в Tesla','[{`added`: {}}]',9,1,1),(43,'2020-05-06 13:02:54','2','Илон Маск заработал 706 миллионов долларов в качестве первой премии в Tesla','[{`changed`: {`fields`: [`Image`]}}]',9,1,2),(44,'2020-05-06 13:04:48','3','США разрабатывают проект по освоению ресурсов Луны без участия России','[{`added`: {}}]',9,1,1),(45,'2020-05-06 13:06:28','4','В России сожгли вышку сотовой связи. Вандалы боятся 5G из-за возможного «чипирования»','[{`added`: {}}]',9,1,1),(46,'2020-05-06 13:10:20','5','Рынок смартфонов показал крупнейший в истории спад','[{`added`: {}}]',9,1,1),(47,'2020-05-06 13:12:53','6','Росгвардия будет использовать беспилотники, чтобы отслеживать нарушителей','[{`added`: {}}]',9,1,1),(48,'2020-05-06 13:17:40','6','Росгвардия будет использовать беспилотники, чтобы отслеживать нарушителей','[{`changed`: {`fields`: [`On main`]}}]',9,1,2),(49,'2020-05-06 13:17:57','4','В России сожгли вышку сотовой связи. Вандалы боятся 5G из-за возможного «чипирования»','[{`changed`: {`fields`: [`On main`]}}]',9,1,2),(50,'2020-05-06 13:18:03','3','США разрабатывают проект по освоению ресурсов Луны без участия России','[{`changed`: {`fields`: [`On main`]}}]',9,1,2),(51,'2020-05-06 13:18:11','1','LG выпустила самый большой в мире OLED-телевизор с разрешением 8K','[{`changed`: {`fields`: [`On main`]}}]',9,1,2),(52,'2020-05-06 13:18:33','1','Интервью с основателями «Дикий Digital»: от маленького стартапа до инди-студии','[{`changed`: {`fields`: [`On main`]}}]',8,1,2),(53,'2020-05-06 13:18:40','4','Интервью с Василием Кривошеиным — архитектором, который проектирует целые стадионы и использует iPad Pro','[{`changed`: {`fields`: [`On main`]}}]',8,1,2),(54,'2020-05-06 13:18:44','5','«Со свободой всё хорошо, а с ответственностью — плохо». Полное интервью Александра Жарова','[{`changed`: {`fields`: [`On main`]}}]',8,1,2),(55,'2020-05-06 13:18:48','6','Интервью с основателем крупнейшего в России сервиса аналитики Telegram-каналов — Telemetr.me','[{`changed`: {`fields`: [`On main`]}}]',8,1,2),(56,'2020-05-06 14:02:53','5','Есть ли вирусы на Mac: мифы и легенды об угрозах для macOS','[{`changed`: {`fields`: [`On main`]}}]',7,1,2),(57,'2020-05-06 14:03:00','3','Восемь причин участвовать в соревнованиях по спортивному программированию','[{`changed`: {`fields`: [`On main`]}}]',7,1,2),(58,'2020-05-06 14:03:13','4','Утечка iOS 14 раскрыла информацию о будущих продуктах Apple и фишках системы','[]',7,1,2),(59,'2020-05-06 14:03:19','2','KOD.RU 3.0 — нацеливайся на созидание вместе с нами','[{`changed`: {`fields`: [`On main`]}}]',7,1,2),(60,'2020-05-06 14:03:23','1','Перенос запуска TON: инвесторы вернут свои деньги акциями Telegram','[{`changed`: {`fields`: [`On main`]}}]',7,1,2),(61,'2020-05-07 10:41:08','1','Технологии','[{`added`: {}}]',11,1,1),(62,'2020-05-07 10:41:14','2','Интернет','[{`added`: {}}]',11,1,1),(63,'2020-05-07 10:41:19','3','Люди','[{`added`: {}}]',11,1,1),(64,'2020-05-07 10:41:28','4','Новости','[{`added`: {}}]',11,1,1),(65,'2020-05-07 10:42:23','5','Mac iOS','[{`added`: {}}]',11,1,1),(66,'2020-05-07 10:43:02','6','Россия','[{`added`: {}}]',11,1,1),(67,'2020-05-07 10:43:08','7','США','[{`added`: {}}]',11,1,1),(68,'2020-05-07 10:45:04','1','Технологии','[{`added`: {}}]',10,1,1),(69,'2020-05-07 10:45:10','2','Интернет','[{`added`: {}}]',10,1,1),(70,'2020-05-07 10:48:34','3','Новости','[{`added`: {}}]',10,1,1),(71,'2020-05-07 10:48:47','4','Mac iOS','[{`added`: {}}]',10,1,1),(72,'2020-05-07 10:48:55','5','Россия','[{`added`: {}}]',10,1,1),(73,'2020-05-07 10:48:59','6','США','[{`added`: {}}]',10,1,1),(74,'2020-05-07 10:49:11','7','Люди','[{`added`: {}}]',10,1,1),(75,'2020-05-07 10:49:31','6','Провал Apple News+. Глава новостного бизнеса уволилась через 11 месяцев после за','[{`changed`: {`fields`: [`Category`]}}]',7,1,2),(76,'2020-05-07 10:49:36','5','Есть ли вирусы на Mac: мифы и легенды об угрозах для macOS','[{`changed`: {`fields`: [`Category`]}}]',7,1,2),(77,'2020-05-07 10:49:42','4','Утечка iOS 14 раскрыла информацию о будущих продуктах Apple и фишках системы','[{`changed`: {`fields`: [`Category`]}}]',7,1,2),(78,'2020-05-07 10:49:58','8','Статьи','[{`added`: {}}]',10,1,1),(79,'2020-05-07 10:50:02','3','Восемь причин участвовать в соревнованиях по спортивному программированию','[{`changed`: {`fields`: [`Category`]}}]',7,1,2),(80,'2020-05-07 10:50:07','2','KOD.RU 3.0 — нацеливайся на созидание вместе с нами','[{`changed`: {`fields`: [`Category`]}}]',7,1,2),(81,'2020-05-07 10:50:22','1','Перенос запуска TON: инвесторы вернут свои деньги акциями Telegram','[{`changed`: {`fields`: [`Category`]}}]',7,1,2),(82,'2020-05-07 10:50:39','6','Росгвардия будет использовать беспилотники, чтобы отслеживать нарушителей','[{`changed`: {`fields`: [`Category`]}}]',9,1,2),(83,'2020-05-07 10:50:52','5','Рынок смартфонов показал крупнейший в истории спад','[{`changed`: {`fields`: [`Category`]}}]',9,1,2),(84,'2020-05-07 10:51:07','4','В России сожгли вышку сотовой связи. Вандалы боятся 5G из-за возможного «чипирования»','[{`changed`: {`fields`: [`Category`]}}]',9,1,2),(85,'2020-05-07 10:51:15','3','США разрабатывают проект по освоению ресурсов Луны без участия России','[{`changed`: {`fields`: [`Category`]}}]',9,1,2),(86,'2020-05-07 10:51:22','2','Илон Маск заработал 706 миллионов долларов в качестве первой премии в Tesla','[{`changed`: {`fields`: [`Category`]}}]',9,1,2),(87,'2020-05-07 10:51:27','1','LG выпустила самый большой в мире OLED-телевизор с разрешением 8K','[{`changed`: {`fields`: [`Category`]}}]',9,1,2),(88,'2020-05-07 11:44:21','8','Статьи','[{`added`: {}}]',11,1,1),(89,'2020-05-07 12:05:51','4','Утечка iOS 14 раскрыла информацию о будущих продуктах Apple и фишках системы','[]',7,1,2),(90,'2020-05-07 12:14:56','6','Провал Apple News+. Глава новостного бизнеса уволилась через 11 месяцев после за','[{`changed`: {`fields`: [`Category`]}}]',7,1,2),(91,'2020-05-07 12:15:01','5','Есть ли вирусы на Mac: мифы и легенды об угрозах для macOS','[{`changed`: {`fields`: [`Category`]}}]',7,1,2),(92,'2020-05-07 12:15:04','4','Утечка iOS 14 раскрыла информацию о будущих продуктах Apple и фишках системы','[{`changed`: {`fields`: [`Category`]}}]',7,1,2),(93,'2020-05-07 12:15:08','3','Восемь причин участвовать в соревнованиях по спортивному программированию','[{`changed`: {`fields`: [`Category`]}}]',7,1,2),(94,'2020-05-07 12:15:11','2','KOD.RU 3.0 — нацеливайся на созидание вместе с нами','[{`changed`: {`fields`: [`Category`]}}]',7,1,2),(95,'2020-05-07 12:15:14','1','Перенос запуска TON: инвесторы вернут свои деньги акциями Telegram','[{`changed`: {`fields`: [`Category`]}}]',7,1,2),(96,'2020-05-07 12:15:34','6','Провал Apple News+. Глава новостного бизнеса уволилась через 11 месяцев после за','[{`changed`: {`fields`: [`Category`]}}]',7,1,2),(97,'2020-05-07 12:15:38','5','Есть ли вирусы на Mac: мифы и легенды об угрозах для macOS','[{`changed`: {`fields`: [`Category`]}}]',7,1,2),(98,'2020-05-07 12:15:42','4','Утечка iOS 14 раскрыла информацию о будущих продуктах Apple и фишках системы','[{`changed`: {`fields`: [`Category`]}}]',7,1,2),(99,'2020-05-07 12:15:50','3','Восемь причин участвовать в соревнованиях по спортивному программированию','[{`changed`: {`fields`: [`Category`]}}]',7,1,2),(100,'2020-05-07 12:15:55','2','KOD.RU 3.0 — нацеливайся на созидание вместе с нами','[{`changed`: {`fields`: [`Category`]}}]',7,1,2),(101,'2020-05-07 12:16:00','1','Перенос запуска TON: инвесторы вернут свои деньги акциями Telegram','[{`changed`: {`fields`: [`Category`]}}]',7,1,2),(102,'2020-05-07 12:17:30','8','Статьи','',10,1,3),(103,'2020-05-07 12:17:30','7','Люди','',10,1,3),(104,'2020-05-07 12:17:30','6','США','',10,1,3),(105,'2020-05-07 12:17:30','5','Россия','',10,1,3),(106,'2020-05-07 12:17:30','4','Mac iOS','',10,1,3),(107,'2020-05-07 12:17:30','3','Новости','',10,1,3),(108,'2020-05-07 12:17:30','2','Интернет','',10,1,3),(109,'2020-05-07 12:17:30','1','Технологии','',10,1,3),(110,'2020-05-07 12:20:03','7','Перенос запуска TON: инвесторы вернут свои деньги акциями Telegram','[{`added`: {}}]',7,1,1),(111,'2020-05-07 12:24:07','8','Представлена MIUI 12','[{`added`: {}}]',7,1,1),(112,'2020-05-07 12:27:04','9','8 причин участвовать в соревнованиях по спортивному программированию','[{`added`: {}}]',7,1,1),(113,'2020-05-07 12:29:23','10','Утечка iOS 14 раскрыла информацию о будущих продуктах Apple и фишках системы','[{`added`: {}}]',7,1,1),(114,'2020-05-07 12:34:14','11','Есть ли вирусы на Mac: мифы и легенды об угрозах для macOS','[{`added`: {}}]',7,1,1),(115,'2020-05-07 12:41:55','11','Есть ли вирусы на Mac: мифы и легенды об угрозах для macOS','[{`changed`: {`fields`: [`Image`]}}]',7,1,2),(116,'2020-05-07 12:44:50','12','Провал Apple News+. Глава новостного бизнеса уволилась через 11 месяцев после запуска','[{`added`: {}}]',7,1,1),(117,'2020-05-07 12:48:59','8','Представлена MIUI 12. Рассказываем подробности','[{`changed`: {`fields`: [`Title`]}}]',7,1,2),(118,'2020-05-07 12:49:23','11','Есть ли вирусы на Mac: мифы и легенды об угрозах для macOS','[{`changed`: {`fields`: [`On main`]}}]',7,1,2),(119,'2020-05-07 12:50:05','9','Технологии','[{`added`: {}}]',10,1,1),(120,'2020-05-07 12:50:11','10','Интернет','[{`added`: {}}]',10,1,1),(121,'2020-05-07 12:50:17','11','Люди','[{`added`: {}}]',10,1,1),(122,'2020-05-07 12:50:22','12','Новости','[{`added`: {}}]',10,1,1),(123,'2020-05-07 12:50:30','13','Mac iOS','[{`added`: {}}]',10,1,1),(124,'2020-05-07 12:50:36','14','Россия','[{`added`: {}}]',10,1,1),(125,'2020-05-07 12:50:41','15','США','[{`added`: {}}]',10,1,1),(126,'2020-05-07 12:50:44','16','Статьи','[{`added`: {}}]',10,1,1),(127,'2020-05-07 12:51:05','12','Провал Apple News+. Глава новостного бизнеса уволилась через 11 месяцев после запуска','[{`changed`: {`fields`: [`Category`]}}]',7,1,2),(128,'2020-05-07 12:51:10','11','Есть ли вирусы на Mac: мифы и легенды об угрозах для macOS','[{`changed`: {`fields`: [`Category`]}}]',7,1,2),(129,'2020-05-07 12:51:14','10','Утечка iOS 14 раскрыла информацию о будущих продуктах Apple и фишках системы','[{`changed`: {`fields`: [`Category`]}}]',7,1,2),(130,'2020-05-07 12:51:21','9','8 причин участвовать в соревнованиях по спортивному программированию','[{`changed`: {`fields`: [`Category`]}}]',7,1,2),(131,'2020-05-07 12:51:31','8','Представлена MIUI 12. Рассказываем подробности','[{`changed`: {`fields`: [`Category`]}}]',7,1,2),(132,'2020-05-07 12:51:37','7','Перенос запуска TON: инвесторы вернут свои деньги акциями Telegram','[{`changed`: {`fields`: [`Category`]}}]',7,1,2),(133,'2020-05-07 12:53:11','12','Провал Apple News+. Глава новостного бизнеса уволилась через 11 месяцев после запуска','[]',7,1,2),(134,'2020-05-07 14:09:29','12','Провал Apple News+. Глава новостного бизнеса уволилась через 11 месяцев после запуска','[{`changed`: {`fields`: [`Category`]}}]',7,1,2),(135,'2020-05-07 14:09:32','12','Провал Apple News+. Глава новостного бизнеса уволилась через 11 месяцев после запуска','[]',7,1,2),(136,'2020-05-07 14:09:37','11','Есть ли вирусы на Mac: мифы и легенды об угрозах для macOS','[{`changed`: {`fields`: [`Category`]}}]',7,1,2),(137,'2020-05-07 14:09:41','10','Утечка iOS 14 раскрыла информацию о будущих продуктах Apple и фишках системы','[{`changed`: {`fields`: [`Category`]}}]',7,1,2),(138,'2020-05-07 14:09:46','9','8 причин участвовать в соревнованиях по спортивному программированию','[{`changed`: {`fields`: [`Category`]}}]',7,1,2),(139,'2020-05-07 14:09:50','8','Представлена MIUI 12. Рассказываем подробности','[{`changed`: {`fields`: [`Category`]}}]',7,1,2),(140,'2020-05-07 14:09:54','7','Перенос запуска TON: инвесторы вернут свои деньги акциями Telegram','[{`changed`: {`fields`: [`Category`]}}]',7,1,2),(141,'2020-05-07 14:10:21','7','Перенос запуска TON: инвесторы вернут свои деньги акциями Telegram','[{`changed`: {`fields`: [`Category`]}}]',7,1,2),(142,'2020-05-07 14:14:54','16','Статьи','',10,1,3),(143,'2020-05-07 14:15:13','17','Статьи','[{`added`: {}}]',10,1,1),(144,'2020-05-07 14:15:37','9','8 причин участвовать в соревнованиях по спортивному программированию','[{`changed`: {`fields`: [`Category`]}}]',7,1,2),(145,'2020-05-07 14:23:38','12','Провал Apple News+. Глава новостного бизнеса уволилась через 11 месяцев после запуска','[]',7,1,2),(146,'2020-05-07 14:30:02','1','Технологии','[{`added`: {}}]',12,1,1),(147,'2020-05-07 14:30:10','2','Интернет','[{`added`: {}}]',12,1,1),(148,'2020-05-07 14:30:14','3','Новости','[{`added`: {}}]',12,1,1),(149,'2020-05-07 14:30:39','4','Mac iOS','[{`added`: {}}]',12,1,1),(150,'2020-05-07 14:30:51','5','Люди','[{`added`: {}}]',12,1,1),(151,'2020-05-07 14:31:00','6','Статьи','[{`added`: {}}]',12,1,1),(152,'2020-05-07 14:31:04','7','Россия','[{`added`: {}}]',12,1,1),(153,'2020-05-07 14:31:11','8','США','[{`added`: {}}]',12,1,1),(154,'2020-05-07 14:31:25','6','Росгвардия будет использовать беспилотники, чтобы отслеживать нарушителей','[{`changed`: {`fields`: [`Type`]}}]',9,1,2),(155,'2020-05-07 14:31:31','5','Рынок смартфонов показал крупнейший в истории спад','[{`changed`: {`fields`: [`Type`]}}]',9,1,2),(156,'2020-05-07 14:31:36','4','В России сожгли вышку сотовой связи. Вандалы боятся 5G из-за возможного «чипирования»','[{`changed`: {`fields`: [`Type`]}}]',9,1,2),(157,'2020-05-07 14:31:41','3','США разрабатывают проект по освоению ресурсов Луны без участия России','[{`changed`: {`fields`: [`Type`]}}]',9,1,2),(158,'2020-05-07 14:31:53','2','Илон Маск заработал 706 миллионов долларов в качестве первой премии в Tesla','[{`changed`: {`fields`: [`Type`]}}]',9,1,2),(159,'2020-05-07 14:31:58','1','LG выпустила самый большой в мире OLED-телевизор с разрешением 8K','[{`changed`: {`fields`: [`Type`]}}]',9,1,2),(160,'2020-05-07 14:35:04','12','Провал Apple News+. Глава новостного бизнеса уволилась через 11 месяцев после запуска','[{`changed`: {`fields`: [`Type`]}}]',7,1,2),(161,'2020-05-07 14:49:14','12','Провал Apple News+. Глава новостного бизнеса уволилась через 11 месяцев после запуска','[{`changed`: {`fields`: [`On main`]}}]',7,1,2),(162,'2020-05-07 14:49:46','4','В России сожгли вышку сотовой связи. Вандалы боятся 5G из-за возможного «чипирования»','[{`changed`: {`fields`: [`On main`]}}]',9,1,2),(163,'2020-05-07 15:00:14','4','В России сожгли вышку сотовой связи. Вандалы боятся 5G из-за возможного «чипирования»','[{`changed`: {`fields`: [`Text`]}}]',9,1,2),(164,'2020-05-08 10:49:30','1','Технологии','[{`added`: {}}]',14,1,1),(165,'2020-05-08 10:49:32','2','Инт','[{`added`: {}}]',14,1,1),(166,'2020-05-08 10:49:40','2','Инт','',14,1,3),(167,'2020-05-08 10:49:49','3','Интернет','[{`added`: {}}]',14,1,1),(168,'2020-05-08 10:50:07','4','Россия','[{`added`: {}}]',14,1,1),(169,'2020-05-08 10:50:10','5','США','[{`added`: {}}]',14,1,1),(170,'2020-05-08 10:50:34','6','IT','[{`added`: {}}]',14,1,1),(171,'2020-05-08 10:51:04','7','Сирия','[{`added`: {}}]',14,1,1),(172,'2020-05-08 10:51:16','8','Украина','[{`added`: {}}]',14,1,1),(173,'2020-05-08 10:52:25','1','Программирование','[{`added`: {}}]',13,1,1),(174,'2020-05-08 10:52:36','2','Новые технологии','[{`added`: {}}]',13,1,1),(175,'2020-05-08 10:53:18','3','IT-сфера','[{`added`: {}}]',13,1,1),(176,'2020-05-08 10:53:28','4','OS','[{`added`: {}}]',13,1,1),(177,'2020-05-08 10:55:01','5','Mac iOS','[{`added`: {}}]',13,1,1),(178,'2020-05-08 10:55:20','12','Провал Apple News+. Глава новостного бизнеса уволилась через 11 месяцев после запуска','[{`changed`: {`fields`: [`Category`]}}]',7,1,2),(179,'2020-05-08 10:55:24','11','Есть ли вирусы на Mac: мифы и легенды об угрозах для macOS','[{`changed`: {`fields`: [`Category`]}}]',7,1,2),(180,'2020-05-08 10:55:28','10','Утечка iOS 14 раскрыла информацию о будущих продуктах Apple и фишках системы','[{`changed`: {`fields`: [`Category`]}}]',7,1,2),(181,'2020-05-08 10:55:33','9','8 причин участвовать в соревнованиях по спортивному программированию','[{`changed`: {`fields`: [`Category`]}}]',7,1,2),(182,'2020-05-08 10:55:42','8','Представлена MIUI 12. Рассказываем подробности','[{`changed`: {`fields`: [`Category`]}}]',7,1,2),(183,'2020-05-08 10:55:47','7','Перенос запуска TON: инвесторы вернут свои деньги акциями Telegram','[{`changed`: {`fields`: [`Category`]}}]',7,1,2),(184,'2020-05-08 10:55:58','6','Росгвардия будет использовать беспилотники, чтобы отслеживать нарушителей','[{`changed`: {`fields`: [`Category`]}}]',9,1,2),(185,'2020-05-08 10:56:10','5','Рынок смартфонов показал крупнейший в истории спад','[{`changed`: {`fields`: [`Category`]}}]',9,1,2),(186,'2020-05-08 10:56:17','4','В России сожгли вышку сотовой связи. Вандалы боятся 5G из-за возможного «чипирования»','[{`changed`: {`fields`: [`Category`]}}]',9,1,2),(187,'2020-05-08 10:56:21','3','США разрабатывают проект по освоению ресурсов Луны без участия России','[{`changed`: {`fields`: [`Category`]}}]',9,1,2),(188,'2020-05-08 10:56:44','9','Люди','[{`added`: {}}]',14,1,1),(189,'2020-05-08 10:56:51','2','Илон Маск заработал 706 миллионов долларов в качестве первой премии в Tesla','[{`changed`: {`fields`: [`Category`]}}]',9,1,2),(190,'2020-05-08 10:56:55','1','LG выпустила самый большой в мире OLED-телевизор с разрешением 8K','[{`changed`: {`fields`: [`Category`]}}]',9,1,2),(191,'2020-05-08 12:45:56','6','Росгвардия будет использовать беспилотники, чтобы отслеживать нарушителей','[{`changed`: {`fields`: [`Category`]}}]',9,1,2),(192,'2020-05-08 12:46:00','5','Рынок смартфонов показал крупнейший в истории спад','[{`changed`: {`fields`: [`Category`]}}]',9,1,2),(193,'2020-05-08 12:46:03','4','В России сожгли вышку сотовой связи. Вандалы боятся 5G из-за возможного «чипирования»','[{`changed`: {`fields`: [`Category`]}}]',9,1,2),(194,'2020-05-08 12:46:07','3','США разрабатывают проект по освоению ресурсов Луны без участия России','[{`changed`: {`fields`: [`Category`]}}]',9,1,2),(195,'2020-05-08 12:46:10','2','Илон Маск заработал 706 миллионов долларов в качестве первой премии в Tesla','[{`changed`: {`fields`: [`Category`]}}]',9,1,2),(196,'2020-05-08 12:46:14','1','LG выпустила самый большой в мире OLED-телевизор с разрешением 8K','[{`changed`: {`fields`: [`Category`]}}]',9,1,2),(197,'2020-05-08 12:46:38','9','Люди','',14,1,3),(198,'2020-05-08 12:46:38','8','Украина','',14,1,3),(199,'2020-05-08 12:46:38','7','Сирия','',14,1,3),(200,'2020-05-08 12:46:38','6','IT','',14,1,3),(201,'2020-05-08 12:46:38','5','США','',14,1,3),(202,'2020-05-08 12:46:38','4','Россия','',14,1,3),(203,'2020-05-08 12:46:38','3','Интернет','',14,1,3),(204,'2020-05-08 12:46:38','1','Технологии','',14,1,3),(205,'2020-05-08 12:46:54','10','Технологии','[{`added`: {}}]',14,1,1),(206,'2020-05-08 12:47:03','11','Интернет','[{`added`: {}}]',14,1,1),(207,'2020-05-08 12:47:10','12','Россия','[{`added`: {}}]',14,1,1),(208,'2020-05-08 12:47:16','13','Украина','[{`added`: {}}]',14,1,1),(209,'2020-05-08 12:47:20','14','Сирия','[{`added`: {}}]',14,1,1),(210,'2020-05-08 12:47:23','15','США','[{`added`: {}}]',14,1,1),(211,'2020-05-08 12:47:31','16','Люди','[{`added`: {}}]',14,1,1),(212,'2020-05-08 12:47:36','17','IT','[{`added`: {}}]',14,1,1),(213,'2020-05-08 12:47:50','6','Росгвардия будет использовать беспилотники, чтобы отслеживать нарушителей','[{`changed`: {`fields`: [`Category`]}}]',9,1,2),(214,'2020-05-08 12:47:57','5','Рынок смартфонов показал крупнейший в истории спад','[{`changed`: {`fields`: [`Category`]}}]',9,1,2),(215,'2020-05-08 12:48:00','4','В России сожгли вышку сотовой связи. Вандалы боятся 5G из-за возможного «чипирования»','[{`changed`: {`fields`: [`Category`]}}]',9,1,2),(216,'2020-05-08 12:48:04','3','США разрабатывают проект по освоению ресурсов Луны без участия России','[{`changed`: {`fields`: [`Category`]}}]',9,1,2),(217,'2020-05-08 12:48:11','2','Илон Маск заработал 706 миллионов долларов в качестве первой премии в Tesla','[{`changed`: {`fields`: [`Category`]}}]',9,1,2),(218,'2020-05-08 12:48:20','1','LG выпустила самый большой в мире OLED-телевизор с разрешением 8K','[{`changed`: {`fields`: [`Category`]}}]',9,1,2),(219,'2020-05-08 12:55:49','1','Технологии','[{`added`: {}}]',14,1,1),(220,'2020-05-08 12:55:55','2','Интернет','[{`added`: {}}]',14,1,1),(221,'2020-05-08 12:56:02','3','Россия','[{`added`: {}}]',14,1,1),(222,'2020-05-08 12:56:05','4','Украина','[{`added`: {}}]',14,1,1),(223,'2020-05-08 12:56:11','5','Сирия','[{`added`: {}}]',14,1,1),(224,'2020-05-08 12:56:15','6','США','[{`added`: {}}]',14,1,1),(225,'2020-05-08 12:56:20','7','Люди','[{`added`: {}}]',14,1,1),(226,'2020-05-08 12:56:27','8','IT','[{`added`: {}}]',14,1,1),(227,'2020-05-08 12:56:54','6','Росгвардия будет использовать беспилотники, чтобы отслеживать нарушителей','[{`changed`: {`fields`: [`Category`]}}]',9,1,2),(228,'2020-05-08 12:57:03','5','Рынок смартфонов показал крупнейший в истории спад','[{`changed`: {`fields`: [`Category`]}}]',9,1,2),(229,'2020-05-08 12:57:07','4','В России сожгли вышку сотовой связи. Вандалы боятся 5G из-за возможного «чипирования»','[{`changed`: {`fields`: [`Category`]}}]',9,1,2),(230,'2020-05-08 12:57:11','3','США разрабатывают проект по освоению ресурсов Луны без участия России','[{`changed`: {`fields`: [`Category`]}}]',9,1,2),(231,'2020-05-08 12:57:16','2','Илон Маск заработал 706 миллионов долларов в качестве первой премии в Tesla','[{`changed`: {`fields`: [`Category`]}}]',9,1,2),(232,'2020-05-08 12:57:20','1','LG выпустила самый большой в мире OLED-телевизор с разрешением 8K','[{`changed`: {`fields`: [`Category`]}}]',9,1,2),(233,'2020-05-08 15:16:40','8','Рассказываем подробности представленной оболочки  MIUI 12','[{`changed`: {`fields`: [`Title`]}}]',7,1,2),(234,'2020-05-08 15:23:18','7','Война в Донбассе длится дольше Великой Отечественной','[{`added`: {}}]',9,1,1),(235,'2020-05-08 15:31:54','8','7 Мая около 11:00 ВСУ открыли огонь по селу Саханка','[{`added`: {}}]',9,1,1),(236,'2020-05-08 15:35:42','8','7 Мая около 11:00 ВСУ открыли огонь по селу Саханка','[{`changed`: {`fields`: [`Image`]}}]',9,1,2),(237,'2020-05-08 15:36:17','8','7 Мая около 11:00 ВСУ открыли огонь по селу Саханка','[{`changed`: {`fields`: [`Image`]}}]',9,1,2),(238,'2020-05-08 15:42:05','9','Украинским ПТУР уничтожен гражданский автомобиль','[{`added`: {}}]',9,1,1),(239,'2020-05-08 20:56:18','10','Утечка iOS 14 раскрыла информацию о будущих продуктах Apple и фишках системы','[]',7,1,2),(240,'2020-05-09 08:23:35','10','Россия зафиксировала два нарушения перемирия в Сирии за сутки','[{`added`: {}}]',9,1,1),(241,'2020-05-09 08:27:22','10','Россия зафиксировала два нарушения перемирия в Сирии за сутки','[{`changed`: {`fields`: [`Image`]}}]',9,1,2),(242,'2020-05-09 08:28:40','11','ПВО Сирии отразили воздушную атаку в провинции Алеппо','[{`added`: {}}]',9,1,1),(243,'2020-05-09 08:30:48','12','США предложили России сотрудничество в борьбе с терроризмом в Сирии','[{`added`: {}}]',9,1,1),(244,'2020-05-09 09:35:18','13','Авиагруппы РФ продолжают патрулирование Сирии','[{`added`: {}}]',9,1,1),(245,'2020-05-09 09:43:35','14','Российские саперы разминируют один из районов Алеппо к концу апреля','[{`added`: {}}]',9,1,1),(246,'2020-05-09 10:10:49','14','Российские саперы разминируют один из районов Алеппо к концу апреля','[{`changed`: {`fields`: [`Text`]}}]',9,1,2),(247,'2020-05-09 11:34:38','15','AMD представила процессоры Ryzen PRO 4000','[{`added`: {}}]',9,1,1),(248,'2020-05-09 11:39:32','16','Российский ИТ-бизнес может недосчитаться 30 млрд рублей и стать убыточным','[{`added`: {}}]',9,1,1),(249,'2020-05-09 11:42:51','5','Рынок смартфонов показал крупнейший в истории спад','[{`changed`: {`fields`: [`Image`]}}]',9,1,2),(250,'2020-05-09 11:45:25','17','Xiaomi выпустит менее тысячи революционных Mix Alpha','[{`added`: {}}]',9,1,1),(251,'2020-05-09 11:51:09','18','Twitter предложит подумать перед отправкой оскорбительного комментария','[{`added`: {}}]',9,1,1),(252,'2020-05-09 11:55:39','19','Google открывает бесплатный доступ к своему сервису видеоконференций','[{`added`: {}}]',9,1,1),(253,'2020-05-09 12:00:38','20','На фоне пандемии рынок вакансий в ИТ-сфере стал сужаться','[{`added`: {}}]',9,1,1),(254,'2020-05-09 12:08:04','17','Xiaomi выпустит менее тысячи революционных Mix Alpha','[{`changed`: {`fields`: [`Slider`]}}]',9,1,2),(255,'2020-05-09 12:08:24','15','AMD представила процессоры Ryzen PRO 4000','[{`changed`: {`fields`: [`Slider`]}}]',9,1,2),(256,'2020-05-09 12:08:58','12','США предложили России сотрудничество в борьбе с терроризмом в Сирии','[{`changed`: {`fields`: [`Slider`]}}]',9,1,2),(257,'2020-05-09 12:09:43','20','На фоне пандемии рынок вакансий в ИТ-сфере стал сужаться','[{`changed`: {`fields`: [`Slider`]}}]',9,1,2),(258,'2020-05-09 12:15:11','20','На фоне пандемии рынок вакансий в ИТ-сфере стал сужаться','[{`changed`: {`fields`: [`Img to slider`]}}]',9,1,2),(259,'2020-05-09 12:15:27','5','Рынок смартфонов показал крупнейший в истории спад','[{`changed`: {`fields`: [`Img to slider`]}}]',9,1,2),(260,'2020-05-09 12:53:34','3','США разрабатывают проект по освоению ресурсов Луны без участия России','[{`changed`: {`fields`: [`Img to slider`]}}]',9,1,2),(261,'2020-05-09 14:41:46','12','Провал Apple News+. Глава новостного бизнеса уволилась через 11 месяцев после запуска','[{`changed`: {`fields`: [`Img to slider`]}}]',7,1,2),(262,'2020-05-09 14:41:54','10','Утечка iOS 14 раскрыла информацию о будущих продуктах Apple и фишках системы','[{`changed`: {`fields`: [`Img to slider`]}}]',7,1,2),(263,'2020-05-09 14:49:16','7','Перенос запуска TON: инвесторы вернут свои деньги акциями Telegram','[{`changed`: {`fields`: [`Text`]}}]',7,1,2),(264,'2020-05-09 14:56:50','10','Утечка iOS 14 раскрыла информацию о будущих продуктах Apple и фишках системы','[{`changed`: {`fields`: [`Image`]}}]',7,1,2),(265,'2020-05-09 15:02:53','7','Перенос запуска TON: инвесторы вернут свои деньги акциями Telegram','[{`changed`: {`fields`: [`Image`, `Img to slider`]}}]',7,1,2),(266,'2020-05-09 15:03:52','10','Утечка iOS 14 раскрыла информацию о будущих продуктах Apple','[{`changed`: {`fields`: [`Title`]}}]',7,1,2),(267,'2020-05-09 15:27:32','13','Несколько важных правил написания кода','[{`added`: {}}]',7,1,1),(268,'2020-05-09 15:35:52','14','10 интересных веб-экспериментов на основе HTML, CSS и JavaScript','[{`added`: {}}]',7,1,1),(269,'2020-05-09 15:46:20','2','Илон Маск заработал 706 миллионов долларов в качестве первой премии в Tesla','[{`changed`: {`fields`: [`On main`]}}]',9,1,2),(270,'2020-05-09 15:46:27','7','Война в Донбассе длится дольше Великой Отечественной','[{`changed`: {`fields`: [`On main`]}}]',9,1,2),(271,'2020-05-09 15:46:34','4','В России сожгли вышку сотовой связи. Вандалы боятся 5G из-за возможного «чипирования»','[{`changed`: {`fields`: [`On main`]}}]',9,1,2),(272,'2020-05-09 15:46:41','15','AMD представила процессоры Ryzen PRO 4000','[{`changed`: {`fields`: [`On main`]}}]',9,1,2),(273,'2020-05-09 15:46:53','5','Рынок смартфонов показал крупнейший в истории спад','[{`changed`: {`fields`: [`On main`]}}]',9,1,2),(274,'2020-05-09 15:47:10','12','США предложили России сотрудничество в борьбе с терроризмом в Сирии','[{`changed`: {`fields`: [`On main`]}}]',9,1,2),(275,'2020-05-09 15:47:17','7','Война в Донбассе длится дольше Великой Отечественной','[{`changed`: {`fields`: [`On main`]}}]',9,1,2),(276,'2020-05-09 15:47:24','17','Xiaomi выпустит менее тысячи революционных Mix Alpha','[{`changed`: {`fields`: [`On main`]}}]',9,1,2),(277,'2020-05-12 10:03:31','21','Россия вышла на второе место по числу заразившихся коронавирусом','[{`added`: {}}]',9,1,1),(278,'2020-05-12 10:05:35','21','Россия вышла на второе место по числу заразившихся коронавирусом','[{`changed`: {`fields`: [`Text`]}}]',9,1,2),(279,'2020-05-14 06:20:50','21','Россия вышла на второе место по числу заразившихся коронавирусом','[]',9,1,2),(280,'2020-05-14 06:29:09','21','Россия вышла на второе место по числу заразившихся коронавирусом','[{`changed`: {`fields`: [`Author`]}}]',9,1,2),(281,'2020-05-14 06:29:13','20','На фоне пандемии рынок вакансий в ИТ-сфере стал сужаться','[{`changed`: {`fields`: [`Author`]}}]',9,1,2),(282,'2020-05-14 06:29:16','19','Google открывает бесплатный доступ к своему сервису видеоконференций','[{`changed`: {`fields`: [`Author`]}}]',9,1,2),(283,'2020-05-14 06:29:35','1','Admin','[{`changed`: {`fields`: [`Username`]}}]',4,1,2),(284,'2020-05-14 06:30:38','14','10 интересных веб-экспериментов на основе HTML, CSS и JavaScript','[]',7,1,2),(285,'2020-05-14 07:28:31','1','Профиль Rasim','[{`added`: {}}]',15,1,1),(286,'2020-05-14 08:36:26','1','Профиль Rasim','',15,1,3),(287,'2020-05-15 12:19:08','6','Admin0','',4,1,3),(288,'2020-05-15 12:19:08','11','Doaxan','',4,1,3),(289,'2020-05-15 12:19:08','3','Forest','',4,1,3),(290,'2020-05-15 12:19:08','5','Rama','',4,1,3),(291,'2020-05-15 12:19:08','7','Rasimm','',4,1,3),(292,'2020-05-15 12:19:08','9','f0resst','',4,1,3),(293,'2020-05-15 12:19:08','4','f0rest','',4,1,3),(294,'2020-05-15 12:19:08','8','f0restt','',4,1,3),(295,'2020-05-15 12:19:08','10','f0rrres','',4,1,3),(296,'2020-05-15 12:19:30','2','Rasim','[{`changed`: {`fields`: [`User permissions`]}}]',4,1,2),(297,'2020-05-15 12:19:41','2','Rasim','[{`changed`: {`fields`: [`Staff status`, `Superuser status`]}}]',4,1,2),(298,'2020-05-26 10:08:55','1','Admin','[{\"added\": {}}]',16,1,1);
/*!40000 ALTER TABLE `django_admin_log` ENABLE KEYS */;
UNLOCK TABLES;

--
-- Table structure for table `django_content_type`
--

DROP TABLE IF EXISTS `django_content_type`;
/*!40101 SET @saved_cs_client     = @@character_set_client */;
/*!40101 SET character_set_client = utf8 */;
CREATE TABLE `django_content_type` (
  `id` int(11) NOT NULL AUTO_INCREMENT,
  `app_label` varchar(100) COLLATE utf8mb4_unicode_ci NOT NULL,
  `model` varchar(100) COLLATE utf8mb4_unicode_ci NOT NULL,
  PRIMARY KEY (`id`),
  UNIQUE KEY `django_content_type_app_label_model_76bd3d3b_uniq` (`app_label`,`model`)
) ENGINE=InnoDB AUTO_INCREMENT=17 DEFAULT CHARSET=utf8mb4 COLLATE=utf8mb4_unicode_ci;
/*!40101 SET character_set_client = @saved_cs_client */;

--
-- Dumping data for table `django_content_type`
--

LOCK TABLES `django_content_type` WRITE;
/*!40000 ALTER TABLE `django_content_type` DISABLE KEYS */;
INSERT INTO `django_content_type` VALUES (1,'admin','logentry'),(3,'auth','group'),(2,'auth','permission'),(4,'auth','user'),(5,'contenttypes','contenttype'),(8,'in','interview'),(11,'news','category'),(14,'news','categorynews'),(9,'news','news'),(12,'news','type'),(15,'register','profile'),(6,'sessions','session'),(7,'st','articles'),(10,'st','category'),(13,'st','categoryarticles'),(16,'user','profile');
/*!40000 ALTER TABLE `django_content_type` ENABLE KEYS */;
UNLOCK TABLES;

--
-- Table structure for table `django_migrations`
--

DROP TABLE IF EXISTS `django_migrations`;
/*!40101 SET @saved_cs_client     = @@character_set_client */;
/*!40101 SET character_set_client = utf8 */;
CREATE TABLE `django_migrations` (
  `id` int(11) NOT NULL AUTO_INCREMENT,
  `app` varchar(255) COLLATE utf8mb4_unicode_ci NOT NULL,
  `name` varchar(255) COLLATE utf8mb4_unicode_ci NOT NULL,
  `applied` datetime NOT NULL,
  PRIMARY KEY (`id`)
) ENGINE=InnoDB AUTO_INCREMENT=58 DEFAULT CHARSET=utf8mb4 COLLATE=utf8mb4_unicode_ci;
/*!40101 SET character_set_client = @saved_cs_client */;

--
-- Dumping data for table `django_migrations`
--

LOCK TABLES `django_migrations` WRITE;
/*!40000 ALTER TABLE `django_migrations` DISABLE KEYS */;
INSERT INTO `django_migrations` VALUES (1,'contenttypes','0001_initial','2020-05-04 17:37:53'),(2,'auth','0001_initial','2020-05-04 17:37:53'),(3,'admin','0001_initial','2020-05-04 17:37:53'),(4,'admin','0002_logentry_remove_auto_add','2020-05-04 17:37:53'),(5,'admin','0003_logentry_add_action_flag_choices','2020-05-04 17:37:54'),(6,'contenttypes','0002_remove_content_type_name','2020-05-04 17:37:54'),(7,'auth','0002_alter_permission_name_max_length','2020-05-04 17:37:54'),(8,'auth','0003_alter_user_email_max_length','2020-05-04 17:37:54'),(9,'auth','0004_alter_user_username_opts','2020-05-04 17:37:54'),(10,'auth','0005_alter_user_last_login_null','2020-05-04 17:37:54'),(11,'auth','0006_require_contenttypes_0002','2020-05-04 17:37:54'),(12,'auth','0007_alter_validators_add_error_messages','2020-05-04 17:37:54'),(13,'auth','0008_alter_user_username_max_length','2020-05-04 17:37:54'),(14,'auth','0009_alter_user_last_name_max_length','2020-05-04 17:37:54'),(15,'auth','0010_alter_group_name_max_length','2020-05-04 17:37:54'),(16,'auth','0011_update_proxy_permissions','2020-05-04 17:37:54'),(17,'sessions','0001_initial','2020-05-04 17:37:54'),(18,'st','0001_initial','2020-05-04 17:37:54'),(19,'st','0002_auto_20200505_0025','2020-05-05 00:25:15'),(20,'st','0003_auto_20200505_0823','2020-05-05 08:23:44'),(21,'in','0001_initial','2020-05-05 10:17:11'),(22,'st','0004_auto_20200505_1017','2020-05-05 10:17:11'),(23,'in','0002_auto_20200505_1019','2020-05-05 10:19:02'),(24,'st','0005_auto_20200505_1019','2020-05-05 10:19:02'),(25,'in','0003_auto_20200505_1027','2020-05-05 10:27:16'),(26,'st','0006_auto_20200505_1027','2020-05-05 10:27:16'),(27,'in','0004_auto_20200505_1128','2020-05-05 11:28:18'),(28,'st','0007_auto_20200505_1128','2020-05-05 11:28:18'),(29,'news','0001_initial','2020-05-06 12:41:04'),(30,'news','0002_auto_20200507_1038','2020-05-07 10:38:14'),(31,'st','0008_auto_20200507_1038','2020-05-07 10:38:14'),(32,'st','0009_auto_20200507_1044','2020-05-07 10:44:35'),(33,'st','0010_auto_20200507_1047','2020-05-07 10:47:38'),(34,'news','0003_auto_20200507_1429','2020-05-07 14:29:43'),(35,'st','0011_auto_20200507_1429','2020-05-07 14:29:43'),(36,'st','0012_articles_type','2020-05-07 14:34:56'),(37,'news','0002_auto_20200508_1048','2020-05-08 10:48:28'),(38,'st','0008_auto_20200508_1048','2020-05-08 10:48:28'),(39,'st','0009_auto_20200508_1222','2020-05-08 12:22:30'),(40,'news','0003_auto_20200508_1253','2020-05-08 12:53:58'),(41,'news','0004_auto_20200508_1255','2020-05-08 12:55:20'),(42,'news','0005_news_slider','2020-05-09 12:07:35'),(43,'st','0010_articles_img_to_slider','2020-05-09 12:07:35'),(44,'news','0006_auto_20200509_1210','2020-05-09 12:10:25'),(45,'register','0001_initial','2020-05-12 16:48:17'),(46,'news','0007_remove_news_author','2020-05-14 06:20:46'),(47,'st','0011_remove_articles_author','2020-05-14 06:20:46'),(48,'news','0008_news_author','2020-05-14 06:28:57'),(49,'st','0012_articles_author','2020-05-14 06:30:24'),(50,'register','0002_profile_email','2020-05-14 07:27:22'),(51,'register','0003_profile_phone','2020-05-14 09:25:22'),(52,'user','0001_initial','2020-05-26 10:08:50'),(53,'user','0002_auto_20200525_0942','2020-05-26 10:08:50'),(54,'user','0003_auto_20200525_0944','2020-05-26 10:08:50'),(55,'user','0004_newprofile','2020-05-26 10:08:51'),(56,'user','0005_delete_newprofile','2020-05-26 10:08:51'),(57,'user','0006_auto_20200525_1011','2020-05-26 10:08:51');
/*!40000 ALTER TABLE `django_migrations` ENABLE KEYS */;
UNLOCK TABLES;

--
-- Table structure for table `django_session`
--

DROP TABLE IF EXISTS `django_session`;
/*!40101 SET @saved_cs_client     = @@character_set_client */;
/*!40101 SET character_set_client = utf8 */;
CREATE TABLE `django_session` (
  `session_key` varchar(40) COLLATE utf8mb4_unicode_ci NOT NULL,
  `session_data` text COLLATE utf8mb4_unicode_ci NOT NULL,
  `expire_date` datetime NOT NULL,
  PRIMARY KEY (`session_key`),
  KEY `django_session_expire_date_a5c62663` (`expire_date`)
) ENGINE=InnoDB DEFAULT CHARSET=utf8mb4 COLLATE=utf8mb4_unicode_ci;
/*!40101 SET character_set_client = @saved_cs_client */;

--
-- Dumping data for table `django_session`
--

LOCK TABLES `django_session` WRITE;
/*!40000 ALTER TABLE `django_session` DISABLE KEYS */;
INSERT INTO `django_session` VALUES ('48e48zq2vyje157hyxiuglukjvgoctz5','ZDliZmU0OGU3YWFjNjQxODVjMDM4Mzc2MTBlM2EyZThkODg1NDFiZjp7Il9hdXRoX3VzZXJfaWQiOiIzIiwiX2F1dGhfdXNlcl9iYWNrZW5kIjoiZGphbmdvLmNvbnRyaWIuYXV0aC5iYWNrZW5kcy5Nb2RlbEJhY2tlbmQiLCJfYXV0aF91c2VyX2hhc2giOiJhZjg0NmUxM2QwMzVjMDQ2N2VkMjkzYmRmNDQ1ZjExNTExYjA4ZmM1In0=','2020-06-10 10:14:26'),('84kiy858jyanliyecknekdlk80ee1puh','ODFhODMzNDlhMTdkZGRhOTliOGRmNjI2MDBmZTBkNmNlMjQ5MzAyOTp7fQ==','2020-06-09 10:03:58'),('9lpge6gmikv8mrf0i87rdowwzh543qyy','Nzg2OGZmZGE3ZTdmOWFhYjk2MTExMzk1MTcyYzg3MDlmN2Q2NmQ5Zjp7Il9hdXRoX3VzZXJfaWQiOiIxIiwiX2F1dGhfdXNlcl9iYWNrZW5kIjoiZGphbmdvLmNvbnRyaWIuYXV0aC5iYWNrZW5kcy5Nb2RlbEJhY2tlbmQiLCJfYXV0aF91c2VyX2hhc2giOiI3YWQ0NzhmODQ0ZmIxOTcwNTRjMTBhZWM5ZGRlZDNiYzg1MWRmZWFmIn0=','2020-05-28 09:30:46'),('dmwvc5ygrh5ddlizyuk4nnfll7u8c9lt','Nzg2OGZmZGE3ZTdmOWFhYjk2MTExMzk1MTcyYzg3MDlmN2Q2NmQ5Zjp7Il9hdXRoX3VzZXJfaWQiOiIxIiwiX2F1dGhfdXNlcl9iYWNrZW5kIjoiZGphbmdvLmNvbnRyaWIuYXV0aC5iYWNrZW5kcy5Nb2RlbEJhY2tlbmQiLCJfYXV0aF91c2VyX2hhc2giOiI3YWQ0NzhmODQ0ZmIxOTcwNTRjMTBhZWM5ZGRlZDNiYzg1MWRmZWFmIn0=','2020-05-28 08:34:05'),('h8jcpjrcf1nhttgl7huivp76razta6sn','Nzg2OGZmZGE3ZTdmOWFhYjk2MTExMzk1MTcyYzg3MDlmN2Q2NmQ5Zjp7Il9hdXRoX3VzZXJfaWQiOiIxIiwiX2F1dGhfdXNlcl9iYWNrZW5kIjoiZGphbmdvLmNvbnRyaWIuYXV0aC5iYWNrZW5kcy5Nb2RlbEJhY2tlbmQiLCJfYXV0aF91c2VyX2hhc2giOiI3YWQ0NzhmODQ0ZmIxOTcwNTRjMTBhZWM5ZGRlZDNiYzg1MWRmZWFmIn0=','2020-05-18 17:39:22'),('m81zyi7nkjoinughfo75ju2o19rulgne','Nzg2OGZmZGE3ZTdmOWFhYjk2MTExMzk1MTcyYzg3MDlmN2Q2NmQ5Zjp7Il9hdXRoX3VzZXJfaWQiOiIxIiwiX2F1dGhfdXNlcl9iYWNrZW5kIjoiZGphbmdvLmNvbnRyaWIuYXV0aC5iYWNrZW5kcy5Nb2RlbEJhY2tlbmQiLCJfYXV0aF91c2VyX2hhc2giOiI3YWQ0NzhmODQ0ZmIxOTcwNTRjMTBhZWM5ZGRlZDNiYzg1MWRmZWFmIn0=','2020-05-28 08:55:06');
/*!40000 ALTER TABLE `django_session` ENABLE KEYS */;
UNLOCK TABLES;

--
-- Table structure for table `in_interview`
--

DROP TABLE IF EXISTS `in_interview`;
/*!40101 SET @saved_cs_client     = @@character_set_client */;
/*!40101 SET character_set_client = utf8 */;
CREATE TABLE `in_interview` (
  `id` int(11) NOT NULL AUTO_INCREMENT,
  `text` text COLLATE utf8mb4_unicode_ci NOT NULL,
  `image` varchar(100) COLLATE utf8mb4_unicode_ci NOT NULL,
  `author` varchar(128) COLLATE utf8mb4_unicode_ci NOT NULL,
  `publication_date` datetime NOT NULL,
  `on_main` tinyint(1) NOT NULL,
  `is_active` tinyint(1) NOT NULL,
  `title` varchar(128) COLLATE utf8mb4_unicode_ci NOT NULL,
  PRIMARY KEY (`id`)
) ENGINE=InnoDB AUTO_INCREMENT=7 DEFAULT CHARSET=utf8mb4 COLLATE=utf8mb4_unicode_ci;
/*!40101 SET character_set_client = @saved_cs_client */;

--
-- Dumping data for table `in_interview`
--

LOCK TABLES `in_interview` WRITE;
/*!40000 ALTER TABLE `in_interview` DISABLE KEYS */;
INSERT INTO `in_interview` VALUES (1,'<br>\r\nСегодня у нас в гостях необычная пара — Виктор и Виктория Кравченко. Ничего о них не слышали? Не беда! Если коротко, то это очень талантливые ребята, которые начали как стартап по производству коротких сериалов на YouTube, а сейчас стали целой инди-студией, работы которой покупает онлайн-кинотеатр Okko. О том, как они добились этого успеха, и о многом другом читайте в нашем интервью.\r\n<br>\r\n<br>\r\n— Ребят, в 2018-ом году в одном из интервью вы говорили, что вы стартап. Прошло два года, вы всё ещё считаете себя стартапом или уже чем-то большим?\r\n<br>\r\n<br>\r\nВика: Так классно было по началу называть себя стартаперами! Мы уволились с постоянных работ, открыли бизнес, чтобы заниматься любимым делом и страшно кайфовали от того периода. Но очень быстро всё это сменилось осознанием, что стартап, который не перестал быть стартапом — плохой стартап. Поэтому спустя год работы мы провозгласили себя инди-студией. А теперь стараемся быть полноценной независимой студией. Короче, растём.\r\n<br>\r\n<br>\r\nВитя: У нас была стартовая инвестиция от Funcubator. Были гипотезы, проверки, ошибки, подтверждения. Были кассовые ямы и взлеты. Сейчас мы набираем высоту. Трясёт, конечно, иногда. Но сейчас со всеми так. Держим штурвал! Интересно, что мой большой приятель с первого дня объяснял мне, что мы не стартап, потому что внутри нет технологии. Тогда я не знал, что ответить. Что-то в духе «нуууу Вааань, кааак же так, мы ж только появились, чё надо для стартапа-то ещё». Вань, наконец-то отвечаю! Наша технология — мозг, и мы производим истории. В далёком горизонте — это вселенные. Мы движемся туда и путь долгий. Но мы уже что-то большее, чем стартап, это точно.\r\n<br>\r\n<br>\r\n— Сколько сейчас у вас в команде людей? Есть ли основной «костяк», который работает над всеми проектами? Или команда всегда меняется?\r\n<br>\r\n<br>\r\nВика: Наш «дико диджитальный» костяк — 8 человек. Это продюсеры, режиссёр монтажа, арт-директор, бухгалтер, юрист и мы — шоураннеры. С большинством ребят мы прошли через главные проекты студии, так что совместно набитые шишки реально сплочают :)\r\n<br>\r\n<br>\r\nВитя: Я бы сказал, что вокруг студии сложилась некая экосистема. Ядро — штатная команда. Крепкий, молодой сплав. Вне штата много классных ребят, с которыми мы сделали много проектов и продолжаем путь. Операторы, художники, постановщики, копирайтеры — много спецов. Есть уже и актёры, с которыми нам комфортно делать разные проекты. Экосистема живая, растущая.\r\n<br>\r\n<br>\r\n— Я слежу за вашими планами и, как вижу, они сбываются. Плавный переход из YouTube к онлайн-кинотеатрам, кажется, проходит очень успешно. На носу уже третий проект вместе с Okko. Довольны ли вы сами сотрудничеством?\r\n<br>\r\n<br>\r\nВитя: Для нас это что-то невероятное, честно говоря. Прошлой весной мы почувствовали, что на YouTube мы не можем рассказывать те истории, которые хотели бы. Мы встречались с несколькими стримингами. К нашему удивлению, нас уже откуда-то знали. Наши истории делали встречи прям бодрыми. В отличие от остальных Okko не только загорелись идеями, но еще сказали «давайте действовать!». Для сравнения, на одной из встреч в альтернативном офисе один продюсер нам сказал что-то вроде «снимайте по нашему сценарию! Зачем вам свои? Хотите 3 года согласовывать?».\r\n<br>\r\n<br>\r\nМы с Викой вышли и сказали друг другу «нет, не хотим». И ушли дальше искать тех, кто почувствует ген нашей студии, поймёт куда мы мыслим и скажет «хей, ребят, а давайте поможем друг другу сделать классный контент!». Что-то такое. С Okko так и складывается. Тоже, конечно, не быстро. Но скорость должна быть разумной, чтобы не занесло на повороте. Великие фильмы висели на волоске по 1-2 года. Так что всё ок, двигаемся!\r\n<br>\r\n<br>\r\n— Интересная черта YouTube — это открытая статистика (просмотры/лайки/дизлайки). В Okko мы лишь можем посмотреть на рейтинг. Можете поделиться с нами статистикой просмотров? Сколько людей посмотрели «Рашен Хакерс Лайв»?\r\n<br>\r\nВитя: В YouTube у хакеров была симпатичная статистика. Причем круто, что глубина просмотра была сильно выше именно зарубежом! А вот по Okko цифр нет. Зато есть переговорный процесс по запуску большой «Вселенной хакинга». Какие будут цифры у этого проекта? И только ли в России? Вот что нам важно.\r\n<br>\r\n<br>\r\n— В этом интервью я бы не хотел концентрироваться только на одном вашем проекте. А поговорить про всё, до чего у меня добрались руки. Но начнём, пожалуй, с РХЛ (не путайте с российской хоккейной лигой). Как минимум, потому, что там есть отсылки к Павлу Дурову :)\r\n<br><br>\r\nВитя: Нет-нет-нет. Как минимум, потому что там Фёдор, Борис и Игнат. У этих парней магия. И вирус Fedya.\r\n<br><br>\r\n— В сериале с юмором подходят, как мне кажется, к достаточно серьёзным темам. Например, цифровое сопротивление. Как вы считаете, есть ли за «сопротивлением» будущее? Или всё так и закончилось картиной кубинки с Павлом?\r\n<br><br>\r\nВитя: На днях в нашем с Викой родном Ростове-на-Дону случился виртуальный митинг через Яндекс у администрации города. И, чёрт возьми, губернатор отреагировал на него! Так что я думаю, цифровое сопротивление, как некое явление, ещё только зарождается. Но Фёдор смотрит дальше. В том числе, потому что у него очки с диоптриями. А там за горизонтом цифровое равенство и братство. Хакеры в это верят. И в большом сезоне поборются и за эти ценности тоже!\r\n<br>\r\nВ Ростове‑на‑Дону люди вышли на массовый митинг не выходя из дома\r\n20 апреля жители Ростова‑на‑Дону решили выразить протест местным властям. Из-за режима самоизоляции им пришлось организовать митинг у Правительства области в режиме онлайн.\r\n<br><br>\r\nВика: На съёмках хакеров у нас были жёсткие условия: страшная жара, душный старый гараж, смены по 16 часов, неопытный режиссёр (я) и актёры, которым надо импровизировать на английском (!). Ох. Сейчас вспоминаю и кажется невозможным, что всё это было просто ради съемки пары каких-то серий. Нет. Мы точно за что-то боролись. Может, это и есть сопротивление, и оно внутри нас.\r\n<br><br>\r\n— Стоит ли ожидать второго сезона? И дальнейшее раскрытие истории Павла, кубинки и цифрового сопротивления?\r\n<br><br>\r\nВика: Сейчас в Okko можно посмотреть демо-сезон хакеров. Мы его так называем, потому что, по факту, придумали и реализовали его где-то за месяц. Причём это вообще первое, что я режиссировала в жизни. Так что у меня самой куча вопросиков к этому контенту. То ли дело наши планы на второй сезон... А точнее, на перезапуск истории...\r\n<br>\r\n<br>\r\nВитя: Мисс Кубинка — королева демо-сезона. Вика круто срежиссировала её сцену. Каждый раз смотрю и смеюсь. Второй сезон... Скорее рестарт. Это будет современной цифровой сказкой. Про трёх хакнутых друзей, влюблённых в технологии. Они сомневаются во многом. В них сомневаются многие. Но они верят в свой путь, миссию (у каждого своя + общая). Их ждут большие приключения и крутые злодеи. Большая история будет сплавом всех современных мифов, домыслов и легенд. К примеру, особое место там займет история Сатоши Накамото. Много-много отсылок к гик-культуре. И, конечно, попытка ответить на вопрос самим себе «кто мы?». Знаете... Хватит уже русских сказок про медведей и царевичей. Мы в новом тысячелетии. Пришло время новых легенд! Во всех смыслах :)\r\n<br><br>\r\n— Интересно, что при просмотре «Digital Доктора» у меня возникло сразу несколько ассоциаций. Может этот вопрос и глупый, но мне кажется, что работа похожа чем-то на труды Тарантино. Где-то я видел вселенную Marvel с Тони Старком и доктором Стренджем. Где-то мелькали ассоциации с доктором Хаусом. А где-то вообще сериал «Нюхач». Чем вы вдохновлялись, создавая сериал?\r\n<br><br>\r\nВика: Мне кажется, Витя вложил в «Доктора» всю свою любовь к видео-играм и комиксам. Делал, что мог в рамках небольшого бюджета, который мы скрипя сердечком достали из собственного кармана.\r\n<br><br>\r\nВитя: «Нюхач» — смешной реф. Единственный мимо, но теперь, пожалуй, посмотрю :) Я думаю, это нормально и здорово опираться на уже созданное в попытке оттолкнуться и рассказать своё. Киновселенные Тарантино или Marvel — это тоже в некотором смысле сплав предшествующих фильмов/картин/музыки и многого другого.\r\n<br><br>\r\nДругое дело, я хотел и продолжаю хотеть рассказывать аутентичные истории. У нас не было ни денег, ни желания вылизывать Россию для мира в Доке. Поэтому там раздолбанная Нива, обшарпанные подъезды. Комиксный мир в суровой реальности.\r\n<br><br>\r\n<br><br>\r\nК рефам в части интерактива еще добавлю RDR2 и Spider-Man (для PS4). А в части графики Ready Player One. Конечно, все эти рефы звучат смешно. Но как расти, если не смотреть на лучших. Если не пытаться поравняться с ними хотя бы в свечении пикселя, темпе сцены, диалоге, саунд-дизайну интерактивной механики. Надо тянуться к лучшим, не забывая, где ты сейчас. Хм. Сойдёт за чей-нибудь гнилой статус в вк 2012 года. О, например, мой!\r\n<br><br>\r\n— После просмотра всего сезона «Digital Доктора» у меня было странное ощущение, что я посмотрел не целый сезон. А всего лишь один фильм. C РХЛ такого нет. Так всё и задумано?\r\n<br><br>\r\nВитя: Оба проекта это демо-сезоны. Можно сказать, что Хакеры и Док — это превью к двум вселенным. Я думаю, хорошо, что у нас сразу не было возможности раскатываться на всю катушку. Мы сделали внутри демо-сезонов достаточно ошибок в драматургии, постановке, производстве. Параллельно мы сняли и много другого контента. Мы научились. И сейчас готовы приступать к большим формам. Более того, мы внутренне созрели для этих историй. Скажем, то, как сейчас продумана история хакеров в большом проекте не сравнимо с демо-сезоном. Глубина основных персонажей, сочность второстепенных. Линии, смыслы, высказывания.\r\n<br><br>\r\nГарри Поттер писался несколько лет. Мы же сразу прыгнули в эти демки. Грубо говоря, необходимый срок для созревания историй и авторов пришёл.\r\nТеперь Док и Хакеры просто ждут свой час.\r\n<br><br>\r\n— Стоит ли ожидать зрителям продолжение «Digital Доктора»?\r\n<br><br>\r\nВитя: Да! Док — самый успешный проект студии вне РФ. Он выиграл ряд наград в Испании, Бразилии, США. Его показывали в трендах веб-сериалов на кинорынке в Каннах. Это всё безумно вдохновляет. И если в хакерах мы не хотим углубляться в пандемию, то в Доке, конечно же, её изучим и отразим. Большой сезон будет интерактивным. Механики будут сложнее по замыслу, по фактуре. В демо-сезоне они были вспомогательными. К релизу большого сезона мы учтём всё, что сделано и вложим гораздо больше идей и знаний… Наобещаю вам тут… Короче, продолжение будет и, надеюсь, к концу года объявим о датах. Пока, в отличие от написанных «Хакеров», «Док» ещё в сценарной разработке.\r\n<br><br>\r\n— Давайте коротко расскажем нашим читателям о вашем новом сериале «Все вместе». О чём он? Кем вы вдохновлялись во время создания этого проекта?\r\n<br><br>\r\nВика: Когда управляешь студией, которая для тебя всё, кризис уфф как вдохновляет. Был такой день... Когда нам разом написали три крупных клиента о «переносе» проектов. И стало ясно, что завтра напишут ещё... И тогда отменятся вообще все съёмки. А без них студия умрёт. Мы довольно быстро всё это визуализировали и лежали вечером на диване, глядя охреневшими глазами в потолок. Тогда мы и решили снимать сериал про «сейчас». Причём как-то так, чтоб точно ничего не перенеслось. А, значит, удалённо. Оставалось только придумать, как и что.\r\n<br>\r\n<br>\r\nВитя: Первая мысль была такая: «Напишу ситком в скринлайф! Уау! Гениально! Оригинально! Так никто не… а что если сейчас все так…». Короче, идея о друзьях родилась сразу. Но я был недоволен отсутствием нашей надстройки. Взгляда студии «Дикий Digital». И... она появилась! Только завершив ряд эпизодов я вдруг осознал, откуда родилась такая сборка персонажей и этот… голос… Тут и Friends + How I Met Your Mother. Но тут и «Автостопом по галактике». И даже «Vice». А еще скринлайф... Блин, ну не знаю, насколько у нас скринлайф. Ну, для промо скринлайф. Визуально скринлайф. По факту (да и художественно) — это сериал, снятый удалённо и рассказанный кем-то из будущего. Во многом это скринлайф, но не только. Главное, это про друзей. И про время. Там много интересных мыслей и рассуждений.\r\n<br><br>\r\n— Правда ли, что сериал снимался на телефон? Расскажите на какой? Как вообще проходил процесс?\r\n<br><br>\r\nВика: Ни один член съёмочной команды не должен покинуть свою квартиру ради съёмок — это наш продакшн-слоган. Процесс полностью построен удалённо: актеры получили боксы с техникой (в качестве камер использовались GoPro и iPhone — прим. КД), реквизитом, костюмами, а студийные специалисты консультировали каждого онлайн. Притирка была жёсткой. Бедные актёры! Обычно приходят на площадку вовремя, знают текст — и всё зашибись. А тут совсем не так. Каждому пришлось научиться снимать, писать звук, ставить базовый свет, выставлять локацию и даже работать хлопушкой. Уф. Боюсь, если бы они сразу осознавали, какой объём работы их ждёт, то просто не согласились бы!\r\n<br>\r\n<br>\r\n«Ой, а я думал, мы просто снимем сериал на вебку за пару дней и всё» — слышала я в момент, когда художник постановщик просит актёра перетащить цветок в другой конец комнаты, оператор командует закрыть шторы, а наушники без конца разряжаются, подогревая наши нервишки. Короче, сериал «Все Вместе» — это очень необычный опыт! Обожаю нашу команду, которая через это всё проходит. Ну и актеры! Теперь в горы могу не идти — знаю, кто меня спасет, если что :)\r\n<br><br>\r\nВитя: Со стороны звучит легко, а по факту не так уж просто. Особенно нашему коту. Он не привык к такому количеству общения. Вообще мы с Викой оба режиссёры, но съёмочные проекты разделяем. И я впервые вижу как она руководит процессом. Это довольно интересно. И продуктивно. Она снимает то, что писалось в двух метрах от неё несколько дней назад. Конвейер на расстоянии дивана.\r\n<br><br>\r\n— Каково вам работать удалённо? Есть ли жизнь, или думаете всё заморозить?\r\n<br><br>\r\nВика: Неа, мы работаем больше и быстрее, чем раньше. У нас идёт работа над интерактивным мультсериалом про конец света для 2х2. Премьера намечена на сентябрь, а это значит, что сейчас очень жаркий период. Плюс мы хотим сделать «Все Вместе» так, чтобы его продлили на второй сезон. И ждём/любим/верим, что время больших хакеров скоро настанет.\r\n<br>\r\n<br>\r\nВитя: Хочется, чтобы закончилось всё. У меня родители врачи в Ростове. К ним это всё только прикатывается. Очень надеюсь, что здравоохранение справится с этой волной. Сложное время. Его бы не заморозить, а нажать кнопку «закрыть» или «пропустить». Сложное и лихое. Во всём этом круговороте я надеюсь дописать свою книгу. Пусть здесь она прозвучит впервые. Чтобы я не слил свой же тайминг. Это будет сказка «Зима». Я начал её писать до этого конца света. Но как же она резонирует… Надеюсь, выйдет 1 декабря. Но это ещё когда... И что будет с планетой... Узнаем в сериале «Все Вместе»! Прямо сейчас если зачем-то и замораживать время, так это для того, чтобы побольше поработать над сценариями эпизодов и иметь возможность снять больше, чем мы можем в текущих условиях. Но время летит! И мы Все Вместе с ним. Неплохая концовочка интервью? Стоит переписать. Да некогда!\r\n<br>','media/in/img_1_UcAswT7.jpeg','Расим','2020-05-05 10:30:13',0,1,'Интервью с основателями «Дикий Digital»: от маленького стартапа до инди-студии'),(2,'Времени до выхода блокчейн-проекта братьев Дуровых становится всё меньше, между тем вопросов к нему только больше. О них мы и поговорим с Антоном Розенбергом — бывшим техническим директором ВКонтакте и экс-директором особых направлений Telegram.  \r\n<br><br>\r\n— Как вы считаете, насколько сейчас готов TON? В суде представителями TON Community Foundation было заявлено, что команда может развернуть его технически «хоть завтра».\r\n<br><br>\r\nИзмерять готовность разработки подобного проекта в процентах изначально было странной идеей. Это как обсуждать, на сколько процентов художник нарисовал картину. Или на сколько процентов математик доказал теорему. Ещё полтора года назад, осенью 2018-го года, в письме инвесторам готовность заявлялась на уровне 90-95% по большей части компонентов, и 70% в целом. Запуск тестовой сети тогда обещали до конца осени, в декабре говорили «в течение нескольких дней», потом обещали в январе, марте, апреле. В мае показали тестовую версию клиентской части, смысла в тестировании которой без серверной части никакого.\r\n<br><br>\r\nВ сентябре выложили серверный код, так как тянуть было уже больше некуда, в октябре был крайний срок запуска. При этом первую неделю сторонние разработчики не могли даже нормально запустить то, что выложено, но вскоре Telegram отчитался об успешном тестировании. Дальше появился SEC. И при этом документация по ключевой части, протоколу консенсуса, появилась только 5 февраля этого года. До этого даже разработчики из дружественного TON Labs занимались реверс-инжинирингом. И признавали наличие критических багов. Эти же люди, кстати, и заявили в суде, что TON «полностью готов и может быть запущен за 5 секунд».\r\n<br><br>\r\nТехнически, конечно, можно обнулить все транзакции и перезапустить сеть с чистого листа, начислив инвесторам их токены на 1.7$ млрд (или чуть меньше, так как кто-то всё же решил забрать деньги). Но софт по-прежнему далёк от идеала даже в плане оформления и документирования, о готовности к выводу токенов на биржи речи не идёт, пользователей нет, спроса нет. Гарантий, что после такого запуска всё не упадёт как технически, так и в плане курса токенов, я бы тоже не дал. В децентрализованной сети, в отличие от мессенджера, цена ошибки куда выше. Если у кого-то украдут токенов на миллионы или миллиарды долларов — вернуть их будет уже нельзя. И, на мой взгляд, TON к такому «боевому» запуску не готов по целому ряду направлений помимо перечисленных выше.\r\n<br><br>\r\n— Давайте поговорим о текущих новостях. Недавно мы писали о том, что структура Роскомнадзора хочет исследовать риски при блокировке TON и Darknet. Как вы думаете, возможны ли в теории ограничения доступа к ним?\r\n<br><br>\r\nСтруктура Роскомнадзора хочет исследовать риски при блокировке TON и Darknet\r\nФедеральное государственное предприятие «Главный радиочастотный центр», подведомственное Роскомнадзору, заказало за 9,19 млн рублей исследование рисков при блокировке анонимных сетей в России.\r\n<br><br>\r\nЕсли говорить о mesh-сетях Wi-Fi, то там вообще может не быть подключения к интернету, так что к блокировкам запрещённого контента это относится опосредованно. Сами же mesh-сети можно пытаться глушить, можно забивать Wi-Fi каналы, а также разрабатывать под конкретные протоколы софт, который будет создавать помехи. Что же касается всего остального, что условно можно назвать технологиями для Darknet, то в принципе можно создать протоколы, которые будет сложно отфильтровать с помощью DPI. Не говоря о том, что всегда можно использовать VPN, который в этом контракте вообще не упоминается. Так что если не рассматривать варианты вроде китайского файрвола или блокировки с помощью «белых списков», полностью заблокировать p2p-сети Роскомнадзору вряд ли удастся.\r\n<br><br>\r\n— Как такая блокировка может отразиться на TON?\r\n<br><br>\r\nВ случае с TON ситуация особая. Прежде всего, потому что TON Sites — новая технология, которая на данный момент не пользуется вообще никакой популярностью. Так что уже само по себе включение TON в этот список интересно. Но даже если не брать во внимание, что само будущее TON на фоне суда с SEC вызывает большие вопросы, пока сеть не кажется слишком уж децентрализованной. Там предполагается в пределах сотни узлов-валидаторов. С учётом объёма баз данных, даже если TON будет запущен, вряд ли пользователи будут массово запускать у себя полные ноды, большинство энтузиастов скорее ограничилось бы приложением с лёгким кошельком. Поэтому пока нет причин ожидать, что в этой сети будет хоть как-то сравнимое с TOR число узлов. А найти и заблокировать адреса сотни валидаторов проще. Можно, конечно, будет использовать те же прокси, что сейчас использует Telegram, но тогда и вопрос блокировки TON сведётся к вопросу блокировки Telegram, который Роскомнадзор пока не решил.\r\n<br><br>\r\nЭто вообще довольно странное техническое задание. Часть пунктов прописана подробно, перечислено большое число протоколов. Но в плане требований к результатам, к тому, что надо сделать, всё сформулировано весьма кратко и нечётко, поэтому объём может быть очень разным. А ещё есть требования вроде оценки существующих решений по блокировке, информации по которым, по крайней мере, в открытом доступе, нет. При этом сроки весьма сжатые: дата окончания работ — 30 июня этого года. А это значит, что реально отчёт надо сдать за месяц, то есть на саму работу остаётся меньше трёх месяцев. При этом, с одной стороны, для госзаказов сумма не самая большая, а с другой — если даже фонд оплаты труда составит половину, получается 1,5 миллиона рублей в месяц. На эти деньги вполне можно нанять достаточное количество специалистов, чтобы написать неплохой отчёт. Но, повторюсь, основной вопрос, что и в каком объёме надо сделать, в ТЗ прописан слабо. Ну и я не знаю, какой процент из этой суммы уйдёт на коррупционную составляющую.\r\n<br><br>\r\n— Кажется, блокчейн, Darknet и криптовалюты перестали быть популярной темой для масс. «Хайп», так сказать, прошёл. Как вы думаете, Павел Дуров до сих пор верит в свой проект?\r\n<br><br>\r\nКурс биткоина и интерес к криптовалютам упали в конце 2018-го года, но потом несколько отыграли назад свои позиции. Хотя такого ажиотажа, как был в 2017-м, конечно, уже не было. Насколько я знаю, Павел был не рад, что во всё это ввязался, уже тогда, в 2018-м. С тех пор поводов для оптимизма не прибавилось, необходимость — кровь из носу — запуститься осенью была продиктована желанием сохранить деньги, не отдавать полтора миллиарда инвесторам. А с приходом SEC всё стало ещё хуже, есть риск, что Telegram обяжут не только вернуть деньги в полном объёме, да ещё и с процентами, но и заплатить сверху штраф. А таких денег у Дурова, по всей видимости, попросту нет. Так что не исключён вариант продажи Telegram, вопрос только в том, кто и за сколько готов будет его купить. А с учётом вчерашнего обвала рынков ситуация усугубляется ещё больше. Telegram не зарабатывает, как его монетизировать — непонятно, так что в условиях кризиса найти покупателя будет сложно\r\n<br>','media/in/img_2_0c6gz8c.jpg','Расим','2020-05-05 11:24:29',1,1,'«Дуров был не рад, что во всё это ввязался»: интервью с Антоном Розенбергом'),(3,'<br>\r\nНа своём последнем крупном мероприятии — VK Content Day, Команда ВКонтакте нам рассказала о новой рекомендательной системе. Так называемые «тематические ленты» должны облегчать пользователям поиск хорошего контента. Но сразу после публичного запуска мы наткнулись на некоторое количество «хейта» от создателей контента, и поэтому решили поговорить с представителями соцсети, чтобы ответить на самые популярные вопросы о тематических лентах.\r\n<br><br>\r\nСегодня беседуем с руководителем подразделения VK Talents Дарьей Рузановой. Она работает над проектом с самого его основания и постарается ответить на все вопросы.\r\n<br><br>\r\n— Сколько сейчас экспертов и как они между собой связаны? Интересно узнать, имеет ли один эксперт больше прав, чем другой, если, например, один из них более опытный?\r\n<br><br>\r\nПри запуске мы начинали с десятка экспертов в каждой тематике. Сейчас их количество достигает 16 тысяч. Для каждой тематики мы создали отдельную беседу для общения, знакомства и обмена опытом.\r\n<br><br>\r\nВ системе экспертов нет дедовщины в зависимости от того, как давно человек в рядах экспертов. Эксперты отличаются между собой только рейтингом, который влияет на вес их голоса. Если эксперт хорошо и активно голосует за или против записей, он довольно быстро наберёт максимальный рейтинг.\r\n<br><br>\r\n— В своей мысли о рейтинге, влияющем на статус эксперта, я хотел подчеркнуть одну идею. Например, более «старые» эксперты могли бы курировать новичков и проверять их отдельно. Не думаете ли вы прийти к этой концепции?\r\n<br><br>\r\nДа, как раз к этому мы и хотим прийти в дальнейшем. Нам хочется, чтобы комьюнити экспертов стало самостоятельным. Уже сейчас более опытные ребята помогают разобраться новичкам, пишут FAQ и статьи, подсказывают в сложных вопросах и спорных ситуациях. Дальше — больше. Активные эксперты могут стать полноценными кураторами, транслировать единую позицию и помогать следить за порядком.\r\n<br><br>\r\n— Расскажите подробно о том, каким образом вы находите и проверяете экспертов? Какие тестовые задания они проходят? Отличаются ли эти задания в зависимости от категории рекомендаций?\r\n<br><br>\r\nПодать заявку в эксперты может любой желающий пользователь, а вот стать экспертом — уже нет. Нужно пройти отбор. Для подачи заявки нет каких-то жёстких условий вроде «Десятикратный получатель Прометея» или «Трижды верифицированный пользователь», не нужно иметь миллион подписчиков.\r\n<br><br>\r\nЭксперт не должен уметь рисовать, писать, петь или фотографировать на профессиональном уровне. Его задача — помочь интересным публикациям выйти на новую аудиторию и отфильтровать недостойные (треш, рекламу и прочее). Так, кулинарный критик не приготовит блюдо лучше шеф-повара, но сможет отметить его профессионализм.\r\nМы не оцениваем кандидатов в эксперты по уровню популярности или их талантам. Мы используем другие критерии.\r\n<br><br>\r\nПри подаче заявки мы просим кандидата просмотреть список публикаций и определить, какая из них больше достойна попасть в Рекомендации. Публикации всегда разные и отличаются в зависимости от тематики, экспертом которой желает стать пользователь.\r\n<br><br>\r\nЭтот небольшой тест нужен нам для того, чтобы просто проверить, насколько кандидат адекватно определяет качество, оформление и интерес публикации. Но, разумеется, это не единственный и далеко не самый важный критерий. Есть и ряд скрытых проверок.\r\n<br><br>\r\nВсе критерии мы раскрыть не можем, чтобы недобросовестные пользователи не пытались обойти систему. Если упростить, определяем следующее: действительно ли пользователь разбирается в нужной тематике, ведёт ли профильное сообщество, публикует ли качественный контент, насколько кандидат активен, был ли замечен в нарушениях правил ВКонтакте и так далее.\r\n<br><br>\r\nВ зависимости от этого каждая заявка получает определённое количество баллов и попадает на ручную премодерацию. Система сложнее, чем кажется на первый взгляд, но пока ещё не совершенна. Для того чтобы её улучшить, нам нужно было собрать обратную связь и изучить действия экспертов, чем мы в данный момент активно и занимаемся.\r\n<br><br>\r\n— Я согласен с мыслью, что хороший кулинарный критик не обязан готовить лучше шеф-повара. Но хороший критик должен иметь базовые знания о кулинарии, он должен понимать, почему условно после варки какие-то овощи жёсткие. Он понимает, что шеф-повар просто забыл опустить их в лёд и это его ошибка, а не «фича». Так же и в рекомендательных постах, нужно не просто отбирать посты, например в IT-тематике из серии (ссылка на сайт/мем/реклама/короткий пост — выбери, что рекомендовать), а делать отбор из статей на основе фактчекинга, скорости публикации и прочих параметров. Нужно, по моему мнению давить на качество «экспертов», а не их количество. Нет?\r\n<br><br>\r\nВсё верно, если бы мы делали упор только на количество, экспертов было бы гораздо больше.\r\n<br><br>\r\nНет смысла проверять исключительно уровень знаний кандидата на старте. Любые вопросы можно загуглить, подсмотреть или скопировать ответы у других экспертов. Если человек захочет обмануть систему, он это сделает.\r\n<br><br>\r\nМы же делаем упор на то, насколько такой обман будет неэффективен. Вес голоса эксперта будет незначительным, если он не разбирается в тематике и подал заявку просто для «фана» или личной выгоды. Его рейтинг, соответственно, быстро упадет, и эксперт потеряет доступ к голосованию.\r\n<br><br>\r\nМы стремились сделать саморегулируемую систему. Что-то вроде естественного отбора. Тот, кому это неинтересно, кто не разбирается, не горит идеей сделать мир лучше, быстро отсеется, не успев испортить общую картину тематических лент.\r\n<br><br>\r\n— Каким образом складывается рейтинг каждого поста в ленте рекомендаций? И как именно работает система баллов?\r\n<br><br>\r\nКаждая публикация имеет свой рейтинг. Это сложная формула, учитывающая сумму голосов от экспертов, карму этих экспертов, реакцию пользователей на публикацию и автоматические проверки алгоритмами: не является ли этот пост порнографией, кликбейтом, рекламой, копипастой.\r\n<br><br>\r\nГолос каждого эксперта имеет индивидуальный вес, исходя из его действий и активности, — это и есть карма/рейтинг эксперта. Если рейтинг эксперта низкий, соответственно и его голос будет иметь небольшой вес.\r\n<br><br>\r\n— Эксперты жалуются на то, что когда они повышают рейтинг публикаций, которые другие эксперты ещё не оценили, их личный рейтинг падает. А когда происходит повышение уже топового поста, то всё хорошо. Как с этим планируете бороться?\r\n<br><br>\r\nНа старте система подсчёта рейтинга действительно не была совершенной, но пока мы изучали результаты и делали её лучше, головы с плеч не летели: эксперты за низкий рейтинг не исключались.\r\n<br><br>\r\nНапример, формула подсчёта также учитывала реакцию пользователей на конкретную публикацию. Но бывало и такое, что эксперты голосовали за свежую публикацию, данных о которой у нас ещё не было, так как прошло слишком мало времени. В этом случае рейтинг действительно мог падать, но по прошествии времени, когда запись собирала лайки, просмотры, комментарии и репосты, выправлялся.\r\n<br><br>\r\nСейчас рейтинг доработали. Он не будет падать из-за голосования за пост, о котором пока мало информации. Он останется неизменным, пока мы её не получим, то есть не поймём, насколько тепло её встретили читатели.\r\n<br><br>\r\nТакже рейтинг будет учитывать активность эксперта, разнообразие источников (чтобы эксперт не голосовал только за один любимый паблик, например), наличие реакции эксперта не только на достойные посты, но и отсеивание плохих.\r\n<br><br>\r\n— Вернёмся к экспертам. Сколько в среднем в день эксперты тратят времени на просмотр и аналитику контента?\r\n<br><br>\r\nВ среднем у экспертов уходит несколько секунд на изучение одной публикации. \r\nЗа январь эксперты нашли и отметили более 1,5 млн интересных записей.\r\n<br>','media/in/img_3_vLPmb4Q.jpg','Расим','2020-05-05 11:27:02',1,1,'Тематическая лента от ВКонтакте: так ли всё страшно для сообществ на самом деле?'),(4,'Герой нашего нового материала — инженер-архитектор Василий Кривошеин, который с помощью современных технологий и гаджетов проектирует целые стадионы. Вместе с командой он работал над построенными к Чемпионату мира аренами в Ростове и Калининграде, дворцами спорта в Душанбе, а сейчас принимает участие в реконструкции спортивного комплекса «Торпедо» на Восточной улице в Москве.\r\n<br><br>\r\n«Ты кем будешь? Может, архитектором?»\r\n— Василий, добрый день! Расскажите вначале немного о себе. Почему вы решили стать архитектором?\r\n<br><br>\r\n— Здесь всё довольно просто и банально. Я захотел стать архитектором, и не могу сказать, что это произошло спонтанно. В восьмом-девятом классе, когда я стал задумываться об этом (о выборе профессии, — прим. КД), начал перебирать профессии, и понял, что для себя ничего не найду. Потому что, с одной стороны, я хотел быть конструктором, а с другой стороны, были мысли по поводу летчика-испытателя — абсолютно разношерстные вещи.\r\n<br><br>\r\nМой отец закончил МАИ и работал «на космос» долгое время. А у меня было желание что-нибудь создавать, что-то творческое, при этом не просто творческое — какие-то объекты искусства или еще что-то, а что-то творческое со смыслом. После того, как у меня эта мысль появилась, я немного расстраивался, потому что все равно не понимал, что делать.\r\n<br><br>\r\nМесяца через три, наверное, отец меня спросил: «Ты кем будешь? Может, архитектором?» Я ответил, что не знаю, ведь на тот момент вообще об этом не задумывался. Пошел, помню, тогда гулять по центру, зашел в несколько книжных, посмотрел определенное количество журналов. Меня поразило то, что есть огромное, колоссальное количество новаторских зданий. Я тогда смотрел и не знал, что это: Калатрава, Заха Хадид, Норман Фостер или наш конструктивизм, но для меня это была просто «бомба».\r\n<br><br>\r\nСоветский конструктивизм меня «разорвал», деконструктивизм «разорвал», весь постмодернизм просто «разорвал». Я смотрю на это и понимаю, что это не просто человек нарисовал какую-то абстрактную форму, а это живой организм. Чем больше стал в это вникать, тем больше стал понимать, что всё, что нас окружает… Всё это сделали люди. Кто-то это спроектировал, мало того, спроектировал с нуля.\r\n<br><br>\r\nМало того, ты не просто это создаешь, ты это ведешь – это как ребенка растить. На каждой стадии ты прямо носишься с этим объектом, потому что ты болеешь за всё, за каждый момент, за каждый лишний воздуховод, за отметки потолков, за всё абсолютно — от и до.\r\nМеня зацепило именно то, что человек может создать некий «живой» объект — сколько историй, связанных с каждым зданием, сколько в них всего произошло. Как они потрясающе выглядят! Это вещь, которая на века.\r\n<br><br>\r\nИ тут меня понесло: я зацепился и захотел стать архитектором. Всё, у меня других мыслей не было. Дальше был выбор вуза, и он был сложный.\r\n<br><br>\r\n— Какое учебное заведение вы закончили?\r\n<br><br>\r\n— Я закончил МГСУ, кафедра архитектуры. Тогда у кафедры была мысль сделать несколько направлений, в том числе для подготовки архитекторов-инженеров. Они просто «слили» две специализации, не оптимизируя ничего: просто сжали по времени количество часов и запихнули в одну программу. У нас было огромное количество зачетов и экзаменов — они просто не вмещались в зачетке. На развороте стояли 14-15 зачетов, 5 экзаменов — просто потому что соединили и слепили. В итоге, таких потоков провели то ли четыре, то ли пять, а потом закрыли, потому что студенты просто не справлялись. В результате, я инженер-архитектор по образованию.\r\n<br><br>\r\nОбразование, «гениальность» и наставники\r\n— Многие наши читатели, начитавшись статей в интернете, считают, что высшее образование в некоторых профессиях не очень то и нужно. Например, мир знает огромное количество потрясающих программистов без «вышки». Как вы считаете, необходимо ли высшее образование архитектору? Какие базовые знания дали вам в университете, без которых в реальной практике не обойтись?\r\n<br><br>\r\n– Во-первых, по поводу тех, кто начитался в интернете, скажу так. Это глобальная проблема нашего времени – очень много людей, которые считают, что они — пуп земли. Если брать творческих людей, вы приводили в пример программистов, в целом, человек должен всегда учиться, без этого никак. Я допускаю, что в каких-то сферах вроде программирования допустимо пользоваться учебниками, интернетом. Но здесь более сухая история — здесь есть какой-то набор учебников, какая-то информация в интернете, и как показывает практика, видимо, этого достаточно.\r\n<br><br>\r\nЕсли брать архитектуру, проблема в том, что многие новоявленные архитекторы, закончив институт, считают, что они – гении. Я сам знал таких — это ребята, которые употребляли всякое и разное в течение двух недель, при этом запирались в квартире, рисовали всеми частями тела и говорили, что они гениальные архитекторы, до такого доходило. Но проблема не в этом.\r\n<br><br>\r\nПроблема в том, что современное общество местами пугающе необразованно. Например, есть некий человек, который верхами нахватался архитектуры. У него появилось понимание в связке с какой-нибудь потрясающей харизмой и в целом с претензией на талант, на гениальность, которую он излучает во все стороны. Он приходит к работодателю, который ничего не понимает в архитектуре, но хочет нанять архитектора. И начинается… Этот гений, который только-только вылупился, считает, что он всё знает и всё умеет, ему никто не нужен.\r\n<br><br>\r\nОн попадает на работу, потому что работодатель — человек не сведущий. Даже когда перед ним не специалист, который многого не знает, но он в то же время знает больше, чем человек, который его нанимает.\r\nПримеры конкретные приводить не буду, но могу сказать, что во многих компаниях главные архитекторы – это бывшие военные.\r\n<br><br>\r\n— Даже главные архитекторы — люди фактически без образования?\r\n<br><br>\r\n— Да, но не то что без образования, они, например, флористы. В прошлом году человек был флористом, а в этом году решил стать главным архитектором, потому что он считает, что он способен быть главным архитектором, не спроектировав ни одного здания. Мало того, есть организации, которые специализируются на экспертной оценке, и при этом там сидят эксперты, которые в жизни ни одного здания не спроектировали, не построили, и таких очень много. Поэтому говорить о том, что образование не нужно — это, конечно, в корне неверно.\r\n<br><br>\r\n— Образование важно, но я понимаю, что вы, вероятно, клоните к тому, что институт в том виде, в котором он есть, не всегда полезен. Многие университеты, на мой взгляд, сейчас не выпускают профессионалов. Благо, что часть выпускников понимают, что им нужны современные знания, и учатся уже на работе.\r\n<br><br>\r\nПри этом есть институты, которые дают реальные знания. В архитектуре это важно. На всех этапах развития профессионала должны быть различные наставники, особенно в архитектуре, потому что архитектура очень сильно завязана не только на нормативную базу, которая и без того немаленькая. Она завязана на вещи, которые местами должны дойти до интуитивного понимания — это вопросы по решению внутреннего объема, причем решению внутреннего объема в соотношении с внешним объемом.\r\n<br><br>\r\nДа, нужно с умом выбирать институт, понимать, что ты хочешь от профессии. Нужно уметь всё время учиться, всё время образовываться, даже когда ты уже выпустился. На этапе, когда ты в институте, у тебя есть профессор, от которого ты стараешься забрать всё, что можно. Который пытается тебя научить понимать архитектуру — не просто знать из учебников, не просто научиться рисовать, а именно понимать, как это всё вместе соединить.\r\n<br><br>\r\n— Это важно, да.\r\n<br><br>\r\n— На следующих этапах, когда ты приходишь на работу, у тебя есть руководители мастерских, которые так же для тебя должны стать наставниками. После этого нормальный специалист рождается примерно через пять лет работы.\r\n<br><br>\r\nПосле окончания института, через пять лет, если человек нормально работал все эти пять лет, получается нормальный специалист.\r\nА то, что образование не нужно, в плане архитектуры, я с этим абсолютно не согласен.\r\n<br><br>\r\nМногие считают, что изучение строительной механики, теоретической механики, сопромата, высшей математики — всё это не используется в дальнейшем. Но это очень большое заблуждение. На простом примере, скажем, есть спортсмен. Все мы понимаем, баскетболисты и хоккеисты, у них у всех есть профессиональные тренировки, где они отрабатывают навыки и отрабатывают технику – распасовки, комбинации, еще что-то. Я это говорю как человек, который занимался в институте регби, состоял в сборной. Еще есть общая физическая подготовка. Занятия по сопромату, строительной механике — это как общая физическая подготовка, это как тренинг для твоего мозга.\r\n<br><br>\r\n— Хорошая мысль.\r\n<br><br>\r\n— Потому что без нее никак. Вроде как она не нужна, но у тебя мозги начинают потом по-другому работать. Это важно, это раз. Во-вторых, у меня двойное образование инженер-архитектор. Инженерным образованием я фактически не пользуюсь, но очень важно понимать конструктив здания, очень важно понимать, как расходятся инженерные системы — что будет стоять, что не будет стоять, где нужно расположить технические помещения, а где не нужно. Да, может быть, я не специалист, и сейчас не провожу расчеты вентиляции на здание или отопления.\r\n<br><br>\r\n— Но вы учитываете это?\r\n<br><br>\r\n– Да, учитываю. Сейчас с точки зрения человека, который знает это «верхами», но он это понимает, и он понимает, что без этого никак. Люди, которые просто насмотрелись красивых картинок и красивых книжек, — да, может быть, они очень талантливые художники и нарисуют что-то невероятное, но оно не будет работать, оно никому не нужно будет.\r\n<br><br>\r\nBIM-проектрование и «облачные» технологии\r\n— Расскажите про чудо-технологию BIM. Как вы познакомились с ней и начали делать в ней всю свою работу?\r\n<br><br>\r\n— BIM-проектирование было известно достаточно давно, но с BIM есть одна особенность. На нем должны работать все участники проекта: инженеры, конструкторы, архитекторы, технологи. Абсолютно все, потому что иначе это не имеет смысла, так как BIM-модель, которая хранится в облаке, дополняется всеми разделами. В нее можно подгрузить инженерию, мебель, которую технолог расставил, конструктив.\r\n<br><br>\r\n— По факту, это новый формат облачной работы при проектировании здания?\r\n<br><br>\r\n— Да. Я в данном случае рассматриваю Revit, как пример программы BIM-технологий, потому что он наиболее популярен. Но есть конструкторы, которые работают не в Revit — у них есть свои программы, которые точно так же имеют связку с Revit, и благодаря тому же BIM-360 их можно слить воедино.\r\n<br><br>\r\nОсобенность BIM в том, что он очень тяжелый. Для файлов требуется очень мощный ПК. Если мы рассматриваем какие-то малоэтажки, то в Revit работать удобно. Когда мы рассматриваем большие здания с огромным количеством инженерии, конструктивов, планировочных решений, их файлы становятся очень тяжелыми.\r\n<br><br>\r\n— Как «Москва-Сити», например?\r\n<br><br>\r\n— Да. Далеко не все люди, которые у нас в России проектируют, могут себе позволить компьютер, который потянет эту модель. Если брать тот же самый Revit, мы сейчас делаем стадион «Торпедо» (на Восточной улице в Москве, — прим. КД).\r\n<br><br>\r\nГрубо говоря, если представить стадион в виде торта, мы нарезаем этот тортик на много-много долек, и таким образом уменьшаем общий вес модели, но эти дольки подгружаются в модель. Скажем, ты работаешь в одной дольке, в одной части, в одном секторе, а остальные сектора подгружаются, но они не редактируемые. За счет того, что они не редактируемые, они много не весят, потому что много информации не используют.\r\nУ нас есть конструкторы — это отдельное бюро. Есть архитекторы, то есть мы — отдельное бюро. Есть инженеры — отдельное бюро, которое находится в Беларуси. Соответственно, есть облако, к облаку даются права — они есть у BIM-администратора, который проект редактирует.\r\n<br><br>\r\n— Кто администрирует обычно, из какого сетапа?\r\n<br><br>\r\n— BIM-администратор ответственен за то, чтобы собрать итоговую модель. У него самое мощное «железо». В итоге модель в физическом плане со всеми кусочками собирает именно он. Но мы все работаем в одном облаке. Скажем, я работаю в своем секторе, при этом все остальные сектора у меня подгружены — они виртуальные.\r\n<br><br>\r\n— Информационно, скорее.\r\n<br><br>\r\n— Да, редактировать их нельзя. Точно так же туда подгружаются вентиляция, канализация, водоснабжение, отопление. Всё туда подгружается, но оно не редактируемо. Люди, работая в разных частях света, имеют доступ к облаку, куда они подгружают свои фрагменты, чертежи, решения. И в результате мы получаем полноценную модель, полностью информативную, в которой есть модели воздуховодов, модели дверей, планировочные решения, конструктив, всё армирование и так далее.\r\n<br><br>\r\n— Получается, что вся арматура, которая связана и сварена, должна быть внутри?\r\n<br><br>\r\n— Да, потому что весь «прикол» BIM в том, что после всего он выводит спецификацию. Если ты туда заложил арматуру, то ее можно оттуда вытащить, то есть вывести спецификацию на нее. Спецификацию на двери, на раковины, вообще на всё, что там есть. Здесь уже не получится обмануть заказчика, потому что сейчас у заказчика есть отдельная служба, которая занимается подсчетом всей этой «истории» в плане финансов. Вы сами не считаете, вам этого никто не даст. Вы делаете модель, закладываете в нее всё, что нужно, прописываете уровень детализации. Скажем, нужно делать откосы у дверей или подоконники, или насколько нужно проработать отделку. Чтобы понимать, стена состоит из многих частей в Revit — это кирпичная часть, отдельно слой с изоляцией, отдельно слой со штукатуркой, отдельно слой с плиточным клеем, отдельно слой с плиткой, и всё это послойно. Благодаря этому всё это можно вывести оттуда.\r\n<br><br>\r\n— И посчитать.\r\n<br><br>\r\n— Это круто! Заказчик потом всё это выводит, всё считает.\r\n<br><br>\r\niPad и проектирование\r\n— Скорее всего, когда вы заканчивали университет, ваши преподаватели даже не знали, что такое iPad, и все чертежи делали вручную?\r\n<br><br>\r\n— Давайте я разобью это на части. Да, iPad не знали, но на AutoCAD, то есть на черчение на компьютере, перешли в 90-х годах, может быть, чуть раньше. Может быть, действительно пораньше был первый AutoCAD, но это произошло очень давно. Да, у нас были какие-то вещи типа клаузура или еще чего-то, где мы рисовали руками, но большей частью проекты финальные и итоговые мы делали на компьютере — на ПК.\r\n<br><br>\r\nПо поводу iPad – классная штука, он очень удобный, но не прямо на нем создаются чертежи. Они создаются на ПК. Я сам работаю на ПК. Если вопрос: Mac или ПК, то отвечу – ПК. Почему? Потому что элементарно доступнее. Можно собрать достаточно мощный компьютер под свои задачи за относительно небольшие деньги. Это будет дороже 100 тысяч, но в нашей специальности сложно дешевле что-то придумать.\r\n<br><br>\r\nЕще раз по поводу iPad — у меня есть предположение, что в будущем его разовьют, и он превратится во что-то вроде большой чертежной доски, почему нет? Это будет электронная чертежная доска, на которой не надо будет ничего стирать клячкой.\r\n<br><br>\r\n— Расскажите тогда подробнее, как вы используете iPad и современное ПО в своей работе?\r\n<br><br>\r\n— iPad участвует на всех этапах, вначале на нем делаются эскизы. Как специалист, я его использую и в плане архитектуры, и в плане дизайна ювелирных изделий — это вообще незаменимая вещь. iPad — универсальный инструмент, которого раньше очень не хватало. Без него было неудобно, но ты не понимал, насколько может быть удобно с ним.\r\n<br><br>\r\nСделать эскиз на iPad очень просто. Конечно, если ты не умеешь рисовать, ты ничего не нарисуешь, но человек, который умеет рисовать, понимает, что на iPad он сделает эскиз значительно быстрее. У кого-то есть психологический барьер между бумагой и еще чем-то, но именно для специалиста — это инструмент.\r\n<br><br>\r\nСовременное программное обеспечение, если рисовать — это либо Procreate, либо SketchBook. Раньше я пользовался SketchBook, сейчас Procreate. Далее на этапе согласования с заказчиком и общения — это Procreate. Почему? Потому что во время общения с заказчиком готовишь примерный эскиз, дальше по нему делается модель. Ты приносишь модель с готовыми рендерами, но заказчика что-то не устраивает.\r\n<br>','media/in/img_4_k6wDPHW.jpg','Расим','2020-05-05 11:32:00',0,1,'Интервью с Василием Кривошеиным — архитектором, который проектирует целые стадионы и использует iPad Pro'),(5,'Глава Роскомнадзора дал интервью, в котором рассказал о блокировке Telegram.\r\n<br><br>\r\nРоскомнадзор уже три дня пытается заблокировать Telegram. Что они делают не так и что будет после? Газета «Известия» взяла интервью у главы ведомства Александра Жарова. «Код Дурова» приводит его целиком:.\r\n<br><br>\r\n— Что сейчас происходит с блокировкой сервиса, учитывая, что ситуация меняется достаточно быстро?\r\n<br><br>\r\n— На данный момент блокируются 18 подсетей на Amazon и Google. Хочу напомнить, как развивались события. После того, как Федеральная служба безопасности выиграла в суде, Роскомнадзор в соответствии с законом подал иск в Таганский суд Москвы по месту нашей юрисдикции. В пятницу суд принял решение заблокировать мессенджер Telegram, поскольку сервис не исполнил требование ФСБ о доступе к ключам шифрования и, соответственно, доступе к чатам и аккаунтам, которые подозреваются в распространении информации экстремистской и террористической направленности. При этом ФСБ неоднократно уведомляла и нас, и другие органы власти о том, что у них есть доказанные эпизоды использования именно этого сервиса для подготовки и уже в ходе проведения террористических атак и у нас, и за рубежом.\r\n<br><br>\r\n— Почему не удалось урегулировать вопрос в досудебном порядке?\r\n<br><br>\r\n— Потому что диалога с администрацией Telegram фактически нет, она демонстрирует полное нежелание взаимодействовать. На связь выходят только нанятые в России адвокаты сервиса Telegram, которые говорят исключительно о процессуальных вопросах, а не о технической стороне дела. Поэтому, как только суд принял положительное решение по блокировке мессенджера, мы приступили к реализации постановления суда, и уже в понедельник в районе 11:30 утра выгрузили IP-адреса Telegram в единый реестр запрещенной информации. После этого операторы связи приступили к блокировке.\r\n<br><br>\r\n— Как это технически работает?\r\n<br><br>\r\n— Операторы связи получают выгрузку IP-адресов раз в сутки. Всего в России порядка 4200 операторов связи, которые оказывают гражданам услуги по доступу к сети интернет. Именно они с помощью технических методов блокируют сервисы. На первом этапе нам было известно о более чем 9000 собственных IP-адресов Telegram. И поскольку речь идет не о блокировке страницы сайта, а всего мессенджера, мы выгрузили все четыре принадлежащих ему подсети. Блокировка у операторов заняла несколько часов, и уже где-то с 12:30 до 15:00 Telegram начал резко деградировать, что было видно на диаграмме. Для многих пользователей без специального способа обхода блокировок — проксирующих программ и VPN-сервисов — мессенджер стал недоступен.\r\n<br><br>\r\n—В какой-то момент Telegram начал менять IP-адреса…\r\n<br><br>\r\n— Да, уже между 14:00 и 15:00 наши технические специалисты зафиксировали переход мессенджера на иной набор IP-адресов — это была подсеть американской кампании Amazon, которая включала в себя более 600 тыс. IP-адресов. И тут перед нами встал серьезный вызов. Необходимо было понять, находятся ли на этих адресах какие-то добропорядочные ресурсы. Поэтому наши специалисты оперативно разобрали подсеть, и уже в районе 18:00 мы выгрузили ее операторам связи. С 19:00 до 22:00 наши специалисты вновь зафиксировали деградацию мессенджера на территории России. Однако затем он перешел на подсеть Google, в которой было 540 тыс. IP-адресов. Конечно, такое большое количество IP позволяет сервису очень быстро мигрировать, такой переход происходит в течении двух–четырех минут, поэтому выгружать отдельные адреса бессмысленно, только всю подсеть.\r\n<br><br>\r\n— А сами компании в курсе происходящего, вы как-то их информировали?\r\n<br><br>\r\n— Разумеется, все наши действия по блокировке подсетей сопровождались перепиской с администрацией этих американских компаний. Но надо понимать, что тут играл фактор времени: когда у нас день, у них ночь. Однако главное, что коммуникация есть. Мы рассчитываем, что и для Amazon и для Google первичен их бизнес, а не политические мотивы. При этом господин Дуров и администрация Telegram прибегает к достаточно жестким методам, не учитывая интересы добропорядочных ресурсов.Сейчас с целью обхода блокировок используется порядка 20 подсетей, общая численность IP-адресов — более 10 млн. Это подсети разного уровня: есть крупные, 11-го уровня, в них более 2 млн IP-адресов. Но в основном это мелкие подсети 12–13–14-го уровня, в которые входит несколько сотен тысяч адресов.\r\n<br><br>\r\n— Блокировка подсетей, по информации пользователей интернета, уже привела к сбою работы магазинов, банков, компаний, работающих в сфере услуг и даже сайта РКН — вчера, например, он не открывался…\r\n<br><br>\r\n— Эта информация не соответствует действительности. Она из серии «мне позвонили и сказали — значит, это правда». Уверенно могу сказать, что в 99,9% случаев ничего, выражаясь техническим языком, не легло, помимо, как раз, Telegram.Что касается сайта Роскомнадзора, то во вторник он неоднократно подвергался сильным DDoS-атакам.\r\n<br><br>\r\n— То есть вы не боитесь, что блокируя единственный мессенджер, вы заблокируете работу всего интернета?\r\n<br><br>\r\n— Очевидно, что у нас нет такой цели. Наша цель — с наименьшими потерями для добропорядочных пользователей реализовать решение суда. По своей значимости оно аналогично закону, и наши западные коллеги, думаю, это прекрасно понимают. Telegram должен быть убран из App Store и Google Play, это первое. Второе — американские компании должны создать технические условия, которые сделают сервис недоступным на территории России.\r\n<br><br>\r\n**— Уже есть такая договоренность?\r\n<br><br>\r\n— Во-первых, как я уже сказал, ведется диалог. Во-вторых, и для Amazon, и для Google это, безусловно, серьезный вызов: если рассматривать набор IP -адресов, то, например, 6 млн IP Amazon — это практически половина из всех, которые у них в принципе есть. Всего их порядка 13 млн. То есть по большому счету они сейчас решают вопрос, будут ли работать на территории РФ или нет.\r\n<br><br>\r\n— А есть вероятность, что нет?\r\n<br><br>\r\n— Я не думаю, что это произойдет. Всё-таки, когда основной бизнес для того же Amazon — предоставление хостингов, вряд ли они захотят лишиться этого бизнеса в том числе на нашем рынке.Вчера мы открыли горячую линию на сайте РКН. Если будут страдать добропорядочные ресурсы, будем разбираться. Но решение суда мы должны исполнять. Повторюсь, у нас нет намерения «класть» весь интернет, мы действуем достаточно разумно, наши технические специалисты разбирают ту или иную подсеть и смотрят, какие ресурсы на них имеются. Вообще же, в такой ситуации ответственность лежит и на администрации Telegram, который сознательно прячется за IP-адреса сторонних компаний и в значительной степени этим их подставляет.\r\n<br><br>\r\n— Вы просите ключи шифрования...\r\n<br><br>\r\n— Это не наша функция, а ФСБ.\r\n<br><br>\r\n— Ну хорошо, правоохранительные органы. Я правильно понимаю, что речь идет только об аккаунтах, которые подозреваются в распространении запрещенной информации, речь не идет обо всем Telegram?\r\n<br><br>\r\n— Не углубляясь в технические нюансы, поясню. Господин Розенберг (Антон Розенберг — экс-партнер Павла Дурова по сети «ВКонтакте» — «Известия»), который имел отношение в том числе к созданию Telegram и сотрудничал с его администрацией, говорит о том, что к протоколу шифрования, который используется в так называемых несекретных и открытых чатах, возможно получить ключи шифрования.Для закрытых секретных чатов сделать это невозможно, поскольку используется шифрование end-to-end.\r\n<br><br>\r\n— В чем тогда дилемма, если к открытым чатам и так можно получить ключи, а к закрытым — технически невозможно?\r\n<br><br>\r\n— Принципиальный момент заключается в том, что если бы у администрации Telegram было намерение сотрудничать, они вступили бы в диалог с ФСБ. Но этого диалога нет, всё общение идет в одну сторону. Мы отправляем запросы, но ответа не получаем.\r\nСейчас много говорится о том, как Telegram помогает зарабатывать пусть небольшие, но деньги. Малый бизнес должен развиваться и т. д. Вот любой мессенджер можно сравнить с неким доходным домом. В нем живут люди, занимаются бизнесом, проводят свободное время, общаются. Представим, что в этом доходном доме появляются террористы. Вполне логично, что в этом случае правоохранительные органы обращаются именно к владельцу жилья с просьбой получить доступ в дом и пресечь террористическую угрозу. Но владелец отвечает отказом. Вот ситуация с Telegram выглядит ровно так. И добропорядочные люди, которые не являются преступниками и ведут бизнес, наверно, должны сделать для себя какие-то выводы. Готовы ли они жить в «плохом доме», хозяин которого не намерен соблюдать законы страны, или переселиться в другой.\r\n<br><br>\r\n— А если в другом не нравится?\r\n<br><br>\r\n— Я понимаю, что существует личная привычка, но других мессенджеров — значительное количество. Статистика говорит, что граждане РФ используют порядка 70 различных сервисов. И позицию «наша любимая тележенька лучше всех, мы хотим работать только в ней», мне кажется, перевешивает террористическая угроза.\r\n<br>','media/in/img_5_o8RGo76.jpg','Расим','2020-05-05 11:35:58',0,1,'«Со свободой всё хорошо, а с ответственностью — плохо». Полное интервью Александра Жарова'),(6,'Telegram-каналы — это не только возможность впитывать контент. В последние годы ведение каналов стало бизнесом, позволяющим приносить хорошие доходы с рекламы. Для проведения эффективной рекламной кампании администраторам и рекламодателям необходимо изучать историю развития каналов, рекламную эффективность, активность аудитории и прочее. Всё это стало возможным благодаря крупнейшему в России сервису аналитики Telegram-каналов — Telemetr.me, основателем которого является Сергей Цветаев. Говорим сегодня с ним об истории создания сервиса и раскрываем подробности с кухни Telemetr, обсуждаем правильный анализ каналов для закупа рекламы, рост пользователей и каналов в Telegram, популярные тематики, а также влияние «сарафанки» на рынок.\r\n<br><br>\r\nПривет! Расскажи немного о себе.\r\n<br><br>\r\nПривет! Мне 25 и я — владелец сервиса аналитики Telegram-каналов Telemetr.me. В SMM, продвижении и всём, что связано с трафиком и разработкой, я уже, пожалуй, лет 10.\r\nЧем ты занимался до создания Telemetr?\r\n<br><br>\r\nВсё начиналось в конце нулевых, когда в Сети развивалась эпоха дорвеев, СДЛ (сайтов для людей, — прим. КД) и прочих контентных проектов, основной задачей которых было получить как можно больше поискового трафика, который по итогу можно продать «партнёркам» в том или ином виде. Тогда же меня и заинтересовала веб-разработка, и я понял, что SEO и SMM успешно совмещаются с кодингом.\r\n<br><br>\r\nНачинал я с изучения кода движков сайтов, затем начал писать свои «велосипеды». Рынок не стоял на месте, и всё это выросло в популярный нынче (да и давно уже популярный, впрочем) арбитраж трафика, где суть та же — купить трафик и на выходе продать его дороже. С той лишь разницей, что ты уже берёшь не бесплатный трафик из поисковых систем, а получаешь его из других источников — закупаешь в мизерных сервисах, социальных сетях, добываешь ещё как-то. Тут-то и пригодилась веб-разработка: все процессы можно было наладить простой автоматизацией, чем я и занялся.\r\n«А потом, кажется, это был 2014 год: я, будучи студентом, понял, чего мне не хватает в арбитраже для счастливой жизни — аналитики и мониторинга конкурентов»\r\nТак родился мой первый серьёзный проект Publer. Начался он с малого — с мониторинга рекламных постов в пабликах ВКонтакте, а закончился глобальной системой, отслеживающей рекламу, кажется, во всём русскоязычном сегменте. В одном месте можно было видеть абсолютно все рекламные размещения в пабликах ВКонтакте, в группах в Одноклассниках, а также таргетированную рекламу в этих соцсетях; размещения в Instagram у блогеров и рекламу в «таргете»; рекламу в тизерных сетях и ещё в нескольких менее популярных источниках.\r\n<br><br>\r\nСистема росла, её возможности росли вместе и с моим совершенствованием. Спустя два года я понял, что изжил себя в этой сфере. Работа стала рутинной, так как ты просто используешь одни и те же подходы для разных социалок. Я выдохся морально и физически, и решил на какое-то время уйти на покой — спустя два года я продал сервис и, кажется, впервые за много лет, первые шесть месяцев вообще ничего не делал.\r\nКогда тебе пришла идея создать Telemetr?\r\n<br><br>\r\nИдея сделать Telemetr пришла как раз спустя год после продажи прошлого сервиса. Захотелось чего-то нового, но в любимой для меня сфере — в трафике, продвижении, соцсетях. Понял для себя окончательно, что работать и трудиться я люблю, а сидеть без дела — не очень. Пару месяцев провёл в поиске новых идей, открывал пару новых для себя направлений, которые заканчивались неудачно, по той причине, что всё было «не моё». Как однажды сказал мой хороший товарищ и коллега: «каждый должен заниматься своим». И в один прекрасный день я увидел в одном из пабликов ВКонтакте кейс по Telegram.\r\n<br><br>\r\nЭто был конец 2017 года, как раз за полгода до блокировки мессенджера в России. Я понял, что в Telegram есть рынок, есть деньги, есть спрос — люди «прокачивают» каналы, продают рекламу. Всё как ВКонтакте лет 5-7 назад, но в данном случае рынок только-только зарождается. Поставил мессенджер, потыкал, увидел в нём перспективу, свежий рынок и отсутствие адекватных инструментов для анализа рекламы и каналов. В тот же день я зарегистрировал домен Telemetr.me и начал разработку.\r\nКак ты позиционируешь свой сервис?\r\n<br><br>\r\nСейчас, спустя два года, Telemetr — это огромный профессиональный инструмент для глубокой аналитики рекламы в Telegram. Кто закупается, где закупается, чем, насколько результативно — это всё про Telemetr.\r\nСколько денег и времени было потрачено на создание Telemetr?\r\n<br><br>\r\nПервоначальная разработка для запуска стоила мне месяца бессонных ночей и 0 рублей. Ночи реально были бессонными, если вообще были: я начинал свой день в обед, кодил до утра следующего дня, часов в 10-11 утра ложился спать, в 4-5 вечера вставал и продолжал. Сервер у меня уже был под свои нужды и спустя месяц Telemetr в первоначальном виде был запущен. Там был ужасный дизайн, но уже необходимый стартовый функционал: мониторинг рекламы, аналитика каналов, приросты от размещений и прочее. По сравнению с тем, что есть сейчас — это было смешно, однако на тот момент это уже дало хороший толчок рынку и позволило админам закупать рекламу не вслепую, а с пониманием всей ситуации на рынке.\r\n«Бессонные ночи на разработку, качественный уникальный инструмент, рынок с деньгами — вот формула успеха, которую можно повторять на любых других рынках»\r\nВ маркетинг было вложено тысяч 10 рублей — кажется, это была покупка рекламы в «закрепе» в парочке админских чатов. Пошёл органический рост и сработала моя любимая «сарафанка»: сервис стал удваивать аудиторию каждый месяц. Сейчас, конечно, такого не повторить, но на тот момент на свободном и зарождающемся рынке это стало возможно.\r\n<br><br>\r\nС тех пор разработка не останавливалась ни на день. Серьёзно, не было ещё и дня, чтобы не появлялось хотя бы строчки кода. Функции добавляются «рывками» по мере изменения самого рынка и спроса, подстраиваясь под них. Ну и, конечно, клиентский фидбек — без него никуда. Я сижу во всех серьёзных админских чатах, отлеживаю все упоминания, потому всегда могу отработать негатив, дать совет или сделать «нативочку». На мой взгляд, ещё один ключ к успеху — лицо бренда. Я не скрываю своё лицо, не прячусь за электронными почтами, всегда открыт к диалогу, участвую в обсуждениях (и как админ, и как человек, и как «овнер» сервиса). Это здорово помогает наладить контакт с клиентами и юзерами.\r\n<br><br>\r\nПоговорим о Telegram. Ты замечаешь рост пользователей и каналов в мессенджере?\r\n<br><br>\r\nРост, безусловно, есть, его трудно не видеть. Каждый день в русскоязычном сегменте Тelegram появляется 40-60 каналов, достигших отметки в 500 подписчиков (эдакая эмпирически выведенная цифра, после преодоления которой шанс забросить канал резко снижается). Сейчас таких каналов 60 тысяч. Ещё год назад их было 30 тысяч.\r\n<br><br>\r\nСудя по внутренней статистике, ежедневно на все русскоязычные каналы подписывается 625 000 человек. Я сразу оговорюсь — это не число новых пользователей Telegram, а суммарное количество совершённых подписок на каналы. Но эта цифра в любом случае говорит о большом наплыве новых пользователей и роста популярности мессенджера, а также концепции каналов в целом. Людям интересно подписываться, читать, быть в курсе самых свежих новостей. Ни одна другая соцсеть не даст такой вовлечённости пользователей и способа быстро предоставить свежую информацию, как Telegram. Тут нет умной ленты, как ВКонтакте или Facebook, нет алгоритмов, которые решают, что ты будешь читать.\r\n«В Telegram в центре стоит пользователь и только он решает, что ему читать, и какие уведомления получать»\r\nЯ считаю, что это одна из причин таких темпов роста мессенджера, который уже стал даже чем-то бóльшим. Особенно во времена, когда так актуальна проблема свободы слова, а способы донести информацию ограничивают, цензурируют и фильтруют.\r\nКакие тематики каналов сейчас самые популярные и быстрорастущие?\r\n<br><br>\r\nЕсли говорить про тематики, то тут однозначно популярны новостные каналы, причём разной направленности — политические, звёздные, шокирующие. Опять же, благодаря низкому цензу (в рамках адекватности, конечно, да и то с поправками) Telegram позволяет анонимно доносить любую информацию до масс, чего бы и кого бы это не касалось. Интересна жизнь звёзд? Пожалуйста, моментально получай самые свежие новости, слухи и скандалы задолго до того, как это появится в СМИ, соцсетях и по ТВ. Интересуешься расследованиями? Дзынь и у тебя свежая горячая новость. Без фильтра, без цензуры, в любом формате — текст, видео, аудио, всё вместе.\r\n<br><br>\r\nБлагодаря этому тематика новостных каналов так популярна сейчас. И даже несмотря на то, что она перенасыщена, в Telegram всегда найдётся место для канала с интересной подачей информации. Пару месяцев назад случился буквально бум — новостные каналы полезли как грибы, составляя здоровую конкуренцию друг другу и повышая планку. Пользователю уже есть, из чего выбирать, поэтому тут контент и подача — составляющие успеха.\r\n<br><br>\r\nХорошо растут авторские каналы на любую тему — путешествия, психология, бизнес, да что угодно. Авторские — они должны быть именно ваши, с вашими собственными текстами, подходами, историями и прочим. Никакой копипасты, воды и скучных простыней в Telegra.ph. Такие хорошо растут и в таких всегда реклама распродана на недели вперёд — у них всегда будет аудитория, вовлечённость и клиенты. Да и монетизировать можно выгоднее даже не рекламой, а какими-то авторскими услугами, в которых у вас есть экспертиза. Win-win со всех сторон.\r\nКак изменилась статистика мессенджера братьев Дуровых после блокировки? Есть ли увеличение аудитории в русскоязычном Telegram?\r\n<br><br>\r\nБлокировка Telegram подкосила, несомненно, всех: и рынок каналов, и Telemetr. Часть администраторов каналов ушла с рынка (забросили или продали), часть решила не заходить на рынок. Популярность самого Telemetr тоже упала, вернее, упал спрос, ибо нет канала, нет клиентов, нет нужды в аналитике.\r\n<br>','media/in/img_6_zTLD5Z9.jpg','Расим','2020-05-06 10:55:42',0,1,'Интервью с основателем крупнейшего в России сервиса аналитики Telegram-каналов — Telemetr.me');
/*!40000 ALTER TABLE `in_interview` ENABLE KEYS */;
UNLOCK TABLES;

--
-- Table structure for table `news_categorynews`
--

DROP TABLE IF EXISTS `news_categorynews`;
/*!40101 SET @saved_cs_client     = @@character_set_client */;
/*!40101 SET character_set_client = utf8 */;
CREATE TABLE `news_categorynews` (
  `id` int(11) NOT NULL AUTO_INCREMENT,
  `name` varchar(64) COLLATE utf8mb4_unicode_ci NOT NULL,
  `is_active` tinyint(1) NOT NULL,
  PRIMARY KEY (`id`)
) ENGINE=InnoDB AUTO_INCREMENT=9 DEFAULT CHARSET=utf8mb4 COLLATE=utf8mb4_unicode_ci;
/*!40101 SET character_set_client = @saved_cs_client */;

--
-- Dumping data for table `news_categorynews`
--

LOCK TABLES `news_categorynews` WRITE;
/*!40000 ALTER TABLE `news_categorynews` DISABLE KEYS */;
INSERT INTO `news_categorynews` VALUES (1,'Технологии',1),(2,'Интернет',1),(3,'Россия',1),(4,'Украина',1),(5,'Сирия',1),(6,'США',1),(7,'Люди',1),(8,'IT',1);
/*!40000 ALTER TABLE `news_categorynews` ENABLE KEYS */;
UNLOCK TABLES;

--
-- Table structure for table `news_news`
--

DROP TABLE IF EXISTS `news_news`;
/*!40101 SET @saved_cs_client     = @@character_set_client */;
/*!40101 SET character_set_client = utf8 */;
CREATE TABLE `news_news` (
  `id` int(11) NOT NULL AUTO_INCREMENT,
  `title` varchar(128) COLLATE utf8mb4_unicode_ci NOT NULL,
  `text` text COLLATE utf8mb4_unicode_ci NOT NULL,
  `image` varchar(100) COLLATE utf8mb4_unicode_ci NOT NULL,
  `publication_date` datetime NOT NULL,
  `on_main` tinyint(1) NOT NULL,
  `is_active` tinyint(1) NOT NULL,
  `category_id` int(11) DEFAULT NULL,
  `img_to_slider` tinyint(1) NOT NULL,
  `author_id` int(11) NOT NULL,
  PRIMARY KEY (`id`),
  KEY `news_news_category_id_f060a768` (`category_id`),
  KEY `news_news_author_id_9f88be71` (`author_id`)
) ENGINE=InnoDB AUTO_INCREMENT=22 DEFAULT CHARSET=utf8mb4 COLLATE=utf8mb4_unicode_ci;
/*!40101 SET character_set_client = @saved_cs_client */;

--
-- Dumping data for table `news_news`
--

LOCK TABLES `news_news` WRITE;
/*!40000 ALTER TABLE `news_news` DISABLE KEYS */;
INSERT INTO `news_news` VALUES (1,'LG выпустила самый большой в мире OLED-телевизор с разрешением 8K','Компания из Южной Кореи LG выпустила один из самых больших и дорогих своих ТВ. Модель из серии Signature порадует покупателей 88-дюймовым дисплеем OLED разрешением 8K. По словам разработчиков, благодаря плотности пикселей, в 4 раза превышающей 4K-дисплеи, этот телевизор обладает максимально четким изображением.\r\n<br><br>\r\nМодель LG OLED 8K также представлена в более компактном варианте с диагональю 77 дюймов. Старшая 88-дюймовая версия имеет модельный номер 88ZXPJA, 77-дюймовый вариант получил маркировку 77ZXPJA. Оба телевизора имеют тонкий корпус и подставку Artistic Sculpture Design. Также новинки получили поддержку голосового помощника. У моделей есть разъемы HDMI 2.1, поддерживающие разрешение 8К с частотой до 120 кадров в секунду.\r\n<br><br>\r\nСтоимость младшей 77-дюймовой версии телевизора LG OLED 8K составляет около 23 430 долларов США. Старшая 88-дюймовая версия оценивается примерно в 34 676 долларов. Обе версии появятся в продаже в июне 2020 года.','media/news/img_1_msVwp6L.png','2020-05-06 12:54:24',0,1,1,0,1),(2,'Илон Маск заработал 706 миллионов долларов в качестве первой премии в Tesla','Показатель средней рыночной капитализации Tesla Inc. за шесть месяцев превысил 100 млрд долларов. При этом компания достигла порога, необходимого для того, чтобы Илон Маск получил своё первое вознаграждение в размере 706 млн долларов.\r\n<br><br>\r\nГенеральный директор Tesla владеет 20,3 млн опционов на акции. Они могут принести ему более 50 млрд долларов, если все цели компании будут достигнуты. В качестве первой премии Илон Маск может использовать 1,69 млн опционов на акции по цене 350,02 доллара за штуку.\r\n<br><br>\r\n48-летний Маск входит в число самых богатых людей мира с состоянием в 38,5 миллиардов долларов. Предприниматель в последнее время публикует довольно странные твиты. Недавно он решил продать почти все свои вещи и заявил, что стоимость акций компании Tesla слишком высокая:\r\n<br><br>\r\nИлон Маск решил продать почти всё своё имущество\r\nГлава Tesla и SpaceX в последнее время публикует довольно таки странные твиты.\r\n<br><br>\r\nПри этом генеральный директор Tesla и SpaceX участвует в достаточно амбициозных проектах. Например, Илон Маск посоревнуется с Джеффом Безосом в постройке аппаратов для высадки на Луну. Кроме того, он согласился отправить Тома Круза в космос для съёмок фильма:\r\n<br><br>\r\nИлон Маск отправит Тома Круза в космос\r\nАктёр станет участником первого полнометражного художественного фильма, который будет снят в космосе. Над созданием картины будут работать компания SpaceX и агентство NASA.\r\n<br>','media/news/img_2_LFMoidP.png','2020-05-06 13:01:46',0,1,7,0,1),(3,'США разрабатывают проект по освоению ресурсов Луны без участия России','Администрация президента США Дональда Трампа разрабатывает международный проект по добыче ресурсов на Луне. Документ называется «Соглашение Артемиды».\r\n<br><br>\r\nДоговор предполагает создание зон безопасности вокруг будущих лунных баз для предотвращения повреждений или помех со стороны конкурирующих стран или компаний, действующих в непосредственной близости. Пакт также направлен на обеспечение прав на владение компаниями добываемыми ресурсами.\r\n<br><br>\r\nДональд Трамп рассматривает Луну в качестве ключевого стратегического актива в космосе. Ранее он подписал указ в поддержку коммерческого освоения ресурсов на Луне и других небесных тел. В Роскосмосе считают, что это вредит международному сотрудничеству и является попыткой «захвата» космического пространства:\r\n<br><br>\r\nРоскосмос: планы по захвату территорий планет вредят сотрудничеству\r\nПрезидент США подписал указ в поддержку коммерческого освоения ресурсов на Луне и других небесных тел\r\n<br><br>\r\nСША планируют в ближайшие недели официально договориться о соглашениях с европейскими странами, Канадой, Японией, а также с Объединенными Арабскими Эмиратами. Однако, Россия, являющаяся главным партнером НАСА на Международной космической станции, на первом этапе не будет участвовать в «Соглашении Артемиды». Пентагон посчитал угрожающими маневры российских спутников на околоземной орбите.\r\n<br>','media/news/img_3_fQwqSZM.jpg','2020-05-06 13:04:48',0,1,6,1,1),(4,'В России сожгли вышку сотовой связи. Вандалы боятся 5G из-за возможного «чипирования»','Жители селения Ногир в Северной Осетии сожгли антенну сотовой связи оператора МТС. Выходка вандалов оставила весь населенный пункт без связи. Об этом на пресс-конференции сообщил глава региона Вячеслав Битаров, передает ТАСС.\r\n<br><br>\r\nКак пояснил глава региона Вячеслав Битаров, некоторые радикально настроенные жители селения поверили в набирающую сегодня обороты теорию о том, что коронавируса на самом деле не существует. А самоизоляция, считают приверженцы этой версии, была введена для того, чтобы люди якобы не могли покинуть дома и помешать установке мировыми властями сети пятого поколения (5G). По их мнению, вышки сетей следующего поколения будут использованы для облучения людей, чтобы они «потеряли сознание, для последующего чипирования».\r\n<br><br>\r\n«К сожалению, и такие есть люди, и немало таких людей... и они мне это доказывали, но я с ними спорить не стал. Но, к сожалению, они идут и дальше: в частности, недавно сожгли антенну МТС рядом с селением Ногир. И конечно же, Ногир остался у нас без связи. Каждый день идут звонки в мою приёмную, чтобы связь наладили», — рассказал Битаров.\r\n<br><br>\r\nЭту теорию Битарову озвучили на митинге у здания Дома правительства, где 20 апреля собралось более 2000 митингующих, требовавших отмены режима самоизоляции. На призыв правоохранителей разойтись некоторые участники акции напали на полицейских. Пострадали 13 сотрудников.\r\n<br><br>\r\nРанее подобное произошло в Великобритании, где с апреля сторонники теории о вреде 5G-сетей сожгли более 20 сотовых вышек, включая даже те, которые не работали с 5G. Позже ситуация повторилась в Нидерландах.','media/news/img_4_ejzO8eC.jpg','2020-05-06 13:06:28',0,1,3,0,1),(5,'Рынок смартфонов показал крупнейший в истории спад','Глобальные поставки смартфонов в первом квартале 2020 года упали на 11,7% в годовом исчислении, сообщает пресс-служба исследовательской компании International Data Corporation (IDC).\r\n<br><br>\r\n«Хотя в первом квартале обычно наблюдается последовательное (ежеквартальное) сокращение поставок, это самое большое снижение в годовом выражении за всю историю», — заявляет IDC.\r\nРезкое снижение поставок объясняется последствиями пандемии. В апреле производственные цепочки в Китае начали восстанавливаться, однако потребительский спрос растёт очень слабо. Китай стал наиболее сильно пострадавшим регионом — там поставки упали на 20,3% в годовом выражении. Это оказало влияние на остальные страны, которые зависят от экспорта из КНР, и вызвало много проблем, пишет в отчете IDC.\r\n<br><br>\r\nДоля рынка 5-ти крупнейших компаний по выпуску смартфонов. (1 К.2019г. – 1 К.2020г.)\r\nКак отмечается, к концу квартала появилась ещё одна глобальная проблема — экономический кризис, вызванный пандемией. Как следствие — падать начал уже спрос.\r\n<br>','media/news/img_5_N6kEIkr.jpg','2020-05-06 13:10:20',0,1,1,1,1),(6,'Росгвардия будет использовать беспилотники, чтобы отслеживать нарушителей','В период майских праздников подразделения Росгвардии будут использовать беспилотники и вертолёт для контроля соблюдения режима самоизоляции жителями Москвы и Подмосковья. Об этом сообщается в пресс-службе ведомства\r\n<br><br>\r\nМониторинг будет вестись в лесопарковых зонах. Точное количество используемых беспилотников не уточняется. Информация, полученная с воздуха, будет передана патрулирующим территорию нарядам. Они, в свою очередь, проведут разъяснительные работы с гражданами.\r\n<br><br>\r\nРоссия не первая страна, в которой силовые структуры используют дроны для своей работы. В Италии беспилотники применяются для измерения температуры и оповещения о штрафах жителей страны:\r\n<br><br>\r\nДроны в Италии начали измерять температуру жителей и оповещать о штрафах\r\nПолиция Италии начала применять дроны для измерения температуры и оповещения о штрафах итальянцев, заявил глава полиции коммуны Тревиоло Маттео Копиа.\r\n<br><br>\r\nКак отмечают в Центральном округе Росгвардии, принимаемые меры направлены на снижение риска распространения коронавирусной инфекции.\r\n<br>','media/news/img_6_qP7zx0Q.jpg','2020-05-06 13:12:53',0,1,3,0,1),(7,'Война в Донбассе длится дольше Великой Отечественной','Про войну на Донбассе как бы забыли. Иногда спохватятся, начнут ее показывать центральные телеканалы – но потом этот всплеск внимания затухает, и массовый интерес возвращается к другим вещам.\r\n\r\nОднажды мне довелось видеть парад «Бессмертного полка» в Донецке. Это было незабываемое зрелище. Текла волна людей, которые несли портреты родственников, погибших в Великую Отечественную войну.\r\n\r\nОни прошли, и за ними двинулись другие. Я запомнила женщину с девочкой на руках, она держала плакат с мужчиной в военной форме и датами жизни и смерти. Погиб он незадолго до того майского дня. Шли люди, несшие портреты тех, кто продолжал гибнуть за родину сейчас, как гибли их прадеды семьдесят пять лет назад. Фотография. Даты жизни и смерти. И смерть – рядом.\r\n\r\nДень Победы, который пройдет в этом году без парада и массовых скоплений людей, отмечают и на фронте. Прямо там, где люди месяцами не вылезают из окопов. Для них это праздник-надежда. День Победы помнят, отмечают в государственном масштабе.\r\n\r\nПро войну в Донбассе как бы забыли. Иногда спохватятся, начнут ее показывать центральные телеканалы – но потом этот всплеск внимания затухает, и массовый интерес возвращается к другим вещам. Эта война не победная, она затяжная, она длится слишком долго, дольше Великой Отечественной, и часто можно услышать: «Как вы надоели со своим Донбассом».\r\n\r\nА в это время хмурые парни в драном грязном камуфляже пригибаются в блиндажах под минометным огнем врага, ведут бои, часто нарываясь не на медали, а на гнев командиров, ведь «Минску нет альтернативы». Их задача – не пустить противника дальше, они разменивают свои жизни на выполнение этой боевой задачи.\r\n\r\nСил и людей идти дальше у них нет. Государства за ними нет. Люди, прошедшие первую и вторую чеченские войны, бывало, уезжали после нескольких боев. Они признавались: страшно воевать, когда за тобой не стоит государство. Страшнее всего.\r\n\r\nИ все же эти парни, от совсем молодых и до тех, чьи лица изрезаны морщинами, не прекращают надеяться и верить. И День Победы для них – это день не только памяти, но и надежды. День памяти о том, как наша армия, смятая и оглушенная железной мощью врага поначалу, собралась и дошла до Берлина. День надежды на то, что и сейчас, при заведомо превосходящих силах противника, что-нибудь да получится. И война, к которой уже привыкли, кончится – кончится победой.\r\n\r\nСейчас, хотя прицелы камер центральных телеканалов отведены от Донбасса, продолжается война. Стреляют по домам мирных людей. Перебрасываются разрушительными снарядами военные, теряя друзей и товарищей. Такая жизнь вот. Такая реальность.\r\n\r\nКогда мы отмечаем День Победы, мы радуемся и гордимся, многие пишут на своих машинах гордое «На Берлин» и «Можем повторить». Только вот пока повторить не получается. А ведь «это праздник со слезами на глазах». С сединою на висках. И проводится «Бессмертный полк» – а все равно забывают люди, какой страшной была эта война и как много людей погибло.\r\n\r\nТак вот, донбасская война – это тоже очень страшно и очень много смертей. Мы празднуем великий момент нашей истории, забывая зачастую, какой ценой он дался, и отводим глаза от другого исторического процесса, который разворачивается прямо на наших глазах.\r\n\r\nА ведь эти люди вышли воевать, в том числе и за то, чтобы памятники советским солдатам стояли на своих местах. Чтобы не был переименован проспект маршала Жукова, чтобы его памятник тоже стоял на своем месте. Чтобы, в конце концов, не глумились над Днем Победы – не меняли его символику, не переносили на другую дату, не заставляли чествовать наравне с реальными ветеранами чудовищ из УПА.\r\n\r\nМногие мне говорили: «Я пошел воевать, потому что для меня много значит память о наших ветеранах...» И они умирают за эту память, когда офисные клерки пишут «можем повторить». Не можете.\r\n\r\nВот идет война. За те же ценности, по сути, что и семьдесят пять лет назад. И она идет уже шесть лет, и людские жизни продолжают вытекать из русского народа. И ты, хвастливый офисный клерк, не сделал ничего, чтобы это прекратить. Но «на Берлин» и «можем повторить». Это не просто дурновкусие, это ложь.\r\n\r\nДавайте хотя бы не отводить глаза от того, что рядом с нами идет война. И когда мы будем вспоминать павших на Великой Отечественной войне – не забывать о том, что русские, советские люди снова гибнут рядом с нами.','media/news/img_7_t1jUHTb.jpg','2020-05-08 15:23:18',0,1,4,0,1),(8,'7 Мая около 11:00 ВСУ открыли огонь по селу Саханка','Украинские ублюдки, под руководством нового правительства, во главе которого стоит Зеленский, продолжают убивать мирное население Донбасса...\r\n<br><br>\r\nСегодня около 11:00 ВСУ открыли огонь по селу Саханка (Новоазовский район). В результате обстрела ранение получили двое детей (по предварительным данным, мальчик – ранение руки и ноги, девочка - голова и нога) и два взрослых мирных жителя.\r\n<br><br>\r\nПо сообщению местных жителей, один ребенок  - тяжелое ранение...\r\n<br><br>\r\nДополнение: Дети 2006 г.р. У девочки Насти (та самая, которой делали операцию на сердце в Москве) ранение средней тяжести, касательные, по голове и ноге. Информация по брату Насти менее утешительная. Ребенок экстренно доставлен в Донецк.\r\n<br><br>\r\nЯсное дело, как и раненные дети в Александровке, так и теперь в Саханке, не будут замечены ОБСЕ... ублюдками, которые делают все, что бы виновными были не укровласти и их бандформирования...\r\n<br><br>\r\nВы знаете, я далеко не злобный человек, и никогда никому не желаю зла... Однако в данном случае, хочу, что бы Зеленский прочувствовал хоть раз, что такое боль... боль за твоего ребенка, который ранен взрослыми дядьками, военными, которые к сожалению все шесть лет воюют  с мирным населением, женщинами, стариками и детьми...\r\n<br>','media/news/img_8_UQxr0KQ.jpg','2020-05-08 15:31:54',0,1,4,0,1),(9,'Украинским ПТУР уничтожен гражданский автомобиль','Представители ЛНР в СЦКК зафиксировали последствия обстрела Голубовского со стороны ВСУ\r\nГенпрокуратура ЛНР возбудила уголовное дело в отношении командира 30 ОМБР ВСУ\r\n\r\nУкраинским ПТУР уничтожен гражданский автомобиль\r\nПротивник не оставляет попыток дестабилизировать ситуацию на линии соприкосновения грубо нарушая Минские соглашения.\r\nКаратели ВСУ целенаправленно ведут обстрелы по домам мирных жителей Республики, что влечет за собой ранения гражданского населения.\r\nСегодня в 11 часов 35 минут боевики 93 отдельной механизированной бригады ВСУ по приказу военного преступника БРЫЖИНСКОГО, подвергли обстрелу из ПТУР район н.п. ГОЛУБОВСКОЕ.\r\nВ результате обстрела произошло попадание в гражданский автомобиль ЗИЛ-130, осуществляющего доставку каменного угля, в поселке Голубовское по ул. Широкая.\r\nПо имеющимся данным, ранения получили ТРОЕ мирных жителей, Павлов Д.В. 2000 г.р. закрытая черепно-мозговая травма и множественные поверхностные осколочные ранения, Георгинов А.А. 1993 г.р. закрытая черепно-мозговая травма и Гавриленко В.П. 1936 г.р. осколочные ранения верхней и нижней правых конечностей. На данный момент пострадавшие доставлены в центральную больницу г. КИРОВСК.\r\nДополнительная информация о пострадавших среди мирного населения и разрушениях уточняется.\r\nНашей разведке стали известны имена боевиков из состава расчёта ПТУР 93 бригады, которые вели огонь по поселку, ими оказался старший сержант ЧЕРНЫШОВ и солдат СТАСЮК.\r\nПризываем международные наблюдательные и правозащитные организации принудить Украинские вооружённые формирования прекратить обстрелы территории Луганской Народной Республики.\r\n\r\nПредставители ЛНР в СЦКК зафиксировали последствия обстрела Голубовского со стороны ВСУ (Фото)\r\nСотрудники представительства ЛНР в Совместном центре по контролю и координации режима прекращения огня (СЦКК) зафиксировали последствия обстрела поселка Голубовское со стороны ВСУ. Об этом сообщили в ведомстве.\r\nТам напомнили, что киевские силовики сегодня обстреляли в Голубовском гражданский автомобиль ЗИЛ, доставлявший уголь, ранения получили три мирных жителя.\r\n`Также в поселке Голубовское зафиксировано повреждение жилого дома по улице Широкая, 49 (повреждено остекление)`, - отметили в представительстве.','media/news/img_9_CPTgMbs.jpg','2020-05-08 15:42:05',0,1,4,0,1),(10,'Россия зафиксировала два нарушения перемирия в Сирии за сутки','Россия в комиссии по фактам нарушений режима прекращения боевых действий в Сирии за сутки зафиксировала два нарушения, Турция - ни одного, сообщается в информационном бюллетене на сайте Минобороны РФ.\r\n<br><br>\r\n`Российской частью представительства совместной российско-турецкой комиссии по рассмотрению вопросов, связанных с фактами нарушений режима прекращения боевых действий, зафиксировано два факта открытия огня в провинциях: Идлиб – 1, Латакия - 1. Турецкой частью представительства фактов открытия огня не зафиксировано`, - говорится в сообщении.\r\n<br><br>\r\nОтмечается, что в течение суток Центр по примирению враждующих сторон и контролю за перемещением беженцев гуманитарные акции не проводил.\r\nВооруженный конфликт в Сирии продолжается с 2011 года. В конце 2017 года было объявлено о победе над террористической группировкой ИГ (`Исламское государство`*) в Сирии и Ираке. В отдельных районах стран продолжаются зачистки от боевиков. В настоящий момент на первый план выступает политическое урегулирование, восстановление Сирии, а также возвращение беженцев.\r\n<br>\r\n*Террористическая организация, запрещена в России','media/news/img_10_RVhtI0G.jpg','2020-05-09 08:23:35',0,1,5,0,1),(11,'ПВО Сирии отразили воздушную атаку в провинции Алеппо','Системы противовоздушной обороны сработали в сирийской провинции Алеппо при отражении атаки с воздуха. Об этом в понедельник, 4 мая, сообщает агентство САНА.\r\n\r\n«Наши ПВО отражают агрессию в небе над провинцией Алеппо», — говорится в сообщении.\r\n\r\nКакие поселения и объекты были атакованы, не сообщается. Также пока неизвестно, кто осуществил атаку.\r\n\r\n1 мая сообщалось, что сирийские системы ПВО отразили атаки Израиля по южной части страны. 27 апреля стало известно об израильской атаке по поселениям Аль-Худжейра и Аль-Адлия в районе Дамаска в Сирии. Тогда погибли три мирных жителя, еще четверо, включая ребенка, были ранены.','media/news/img_11_v9kUgyO.jpg','2020-05-09 08:28:40',0,1,5,0,1),(12,'США предложили России сотрудничество в борьбе с терроризмом в Сирии','В США обеспокоены активностью членов террористической организации ИГ (запрещена в России) на юго-западе Сирии. Об этом заявил спецпредтавитель США по Сирийской Административной Республике Джеймс Джеффри.\r\n<br><br>\r\n«Активность террористов ИГ к югу от Евфрата является следствием того, что армия [президента Сирии Башара] Асада сосредоточена на северо-западе страны в районе Идлиба. Сил правительственной сирийской армии не хватает на другие регионы», — отметил Джеффри.\r\n<br><br>\r\nОн выразил обеспокоенность по этому поводу и заявил, что США предложили России сотрудничество в вопросе стабилизации ситуации на юго-западе Сирии.\r\n<br><br>\r\n28 апреля на севере Сирии, в населенном курдами городе Африн, в результате взрыва цистерны с горючим погибли 40 человек, из них 11 детей. Еще 47 местных жителей пострадали.\r\n<br><br>\r\nПо данным турецкого министерства обороны, взрыв организовали сторонники Рабочей партии Курдистана (РПК), признанной террористической организацией в Турции.','media/news/img_12_Z52C25k.jpg','2020-05-09 08:30:48',1,1,5,1,1),(13,'Авиагруппы РФ продолжают патрулирование Сирии','Вертолеты Ми-35 и Ми-8 патрулируют провинцию Эль-Хасеке на северо-востоке Сирии. \r\n<br><br>\r\nЭкипажи следят за наиболее проблемными районами. Особое внимание военнослужащие уделяют трассе М4, здесь турецкая армия проводит операцию «Источник мира», кроме того, в этом районе находятся сирийские отряды и курдские группировки. Ми-35 в случае провокации готов ответить пуском ракет. Рейд длится около двух часов, после в работу вступает наземный патруль.','media/news/img_13_Vsgs8Ey.jpg','2020-05-09 09:35:18',0,1,5,0,1),(14,'Российские саперы разминируют один из районов Алеппо к концу апреля','Взрывоопасные предметы, которые были оставлены в районе Лерамун в сирийском Алеппо, будут обезврежены к концу апреля. Об этом рассказал начальник отдела Центра примирения враждующих сторон в Сирии Алексей Полюхович.\r\n<br><br>\r\nПо его словам, до конца месяца военные постараются избавить район от всех боеприпасов, чтобы в Лерамун могли вернуться мирные жители. Он уточнил, что сейчас военные находят от 18 до 25 взрывоопасных предметов на территории около 250 кв. м.\r\n<br><br>\r\nПолюхович рассказал, что в Лерамуне еще два месяца назад проходили активные боевые действия. Для Алеппо район был особенно важен, так как здесь располагалась автобусная станция, обеспечивавшая весь город.\r\n<br><br>\r\nГлава районов Лерамун и Халидия Ибрагим Осман рассказал, что владельцы местных предприятий уже хотят начать ремонт своих цехов, но это невозможно без полного разминирования территории. Он отметил, что в районе совместно работают сирийские и российские саперы, а также поблагодарил специалистов РФ за помощь.\r\n<br><br>\r\n22 апреля российские и турецкие военные совместно провели пятое патрулирование этой трассы. Она соединяет Латакию и Алеппо. Совместное патрулирование призвано обеспечить безопасность передвижения мирного населения и стать гарантией недопущения эскалации ситуации в регионе.\r\n<br><br>\r\nПо информации российского Центра по примирению враждующих сторон и контролю за перемещением беженцев, за последнее время на территории Сирии восстановлены сотни образовательных и медицинских учреждений, отремонтировано более 1,2 тыс. км дорог, более 14 тыс. промышленных предприятий.\r\n<br><br>\r\nВ настоящее время в 345 населенных пунктах ведутся работы по восстановлению и ремонту 2,7 тыс. жилых домов, сотен школ, дошкольных и медицинских учреждений, 90 культовых сооружений.','media/news/img_14_QKholUS.jpg','2020-05-09 09:43:35',0,1,5,0,1),(15,'AMD представила процессоры Ryzen PRO 4000','AMD объявила о глобальной доступности своих процессоров с архитектурой x86 на базе техпроцесса 7 нм для коммерческих ноутбуков. AMD Ryzen PRO 4000 оптимизированы для обеспечения удаленной работы.\r\n<br><br>\r\nКак утверждают в компании, при многопоточной обработке данных производительность AMD Ryzen 7 PRO 4750U выше чем у i7-10710U (Dell XPS 13) на 33% благодаря наличию 8 ядер и поддержке 16 потоков. Процессор способен обеспечить более 20 часов автономной работы от аккумулятора и имеет в 2 раза большую производительность на Вт мощности по сравнению с чипами предыдущего поколения.\r\n<br><br>\r\nПроцессоры получили встроенные средства защиты на каждом уровне — от кремниевого кристалла до операционной системы и функций безопасности системного уровня. Функция AMD Memory Guard позволяет обеспечить защиту данных и идентификационной информации. Также AMD Ryzen PRO обеспечивают полную поддержку Microsoft Endpoint Manager. Планируемый срок стабильной работы ПО на процессорах AMD Ryzen PRO составляет 18 месяцев, планируемая доступность — 24 месяца. \r\n<br><br>\r\nУвидеть процессоры можно будет в коммерческих ноутбуках HP ProBook 445 G7 и HP ProBook 455 G7, а также в моделях ThinkPad от Lenovo, в первой половине 2020 года.','media/news/img_15_XXXBjoT.png','2020-05-09 11:34:38',1,1,1,1,1),(16,'Российский ИТ-бизнес может недосчитаться 30 млрд рублей и стать убыточным','Минкомсвязь считает, что второй квартал выдастся для отрасли действительно тяжелым, а выплаты по кредитам и другие отчисления нанесут серьезный урон прибыли.\r\n<br><br>\r\nКак передают «Ведомости» со ссылкой на письмо министерства в аппарат правительства и Минэкономразвития, ведомство ожидает падения чистой прибыли ИТ-компаний до нуля в апреле-июне 2020 года.\r\n<br><br>\r\nЕсли правительство не примет предложенные ранее меры поддержки, то средняя численность ИТ-специалистов снизится во втором полугодии на 27 000 и вернется к докризисному уровню только к 2024 году. При этом сама прибыль по итогам года упадет на 30 млрд рублей до 93 млрд руб. Эти выводы подтверждают слова гендиректора «Базальт СПО» Алексея Смирнова, который сообщил, что в апреле выручка компании упала на 40%, и к июню снижение может усилиться.\r\n<br><br>\r\nНапомним, что среди прочего Минкомсвязь предложила следующие меры поддержки:\r\n<br><br>\r\nотсрочка на уплату НДФЛ и обнуление всех страховых взносов с фонда оплаты труда на персонал ИТ-компаний до конца 2020 года\r\n<br><br>\r\nправо временно снижать заработную плату сотрудникам (не более чем на 20%), либо отпускать сотрудников (по согласованию с ними) в вынужденный отпуск с учетом снижения их заработной платы на 50%;\r\n<br><br>\r\nОбнуление НДС на услуги, связанные с онлайн-образованием, телемедециной, доставкой продуктов и др.\r\n<br><br>\r\nУвеличение до 50% доли авансирования ИТ-организаций, исполняющих госзаказы\r\n<br><br>\r\nПо расчетам ведомства, меры помогут сократить дефицит бюджета до следующих цифр: 198,7 млрд рублей во втором полугодии 2020 года, 68,1 млрд рублей в 2021 году. В 2022–2024 годах он получит дополнительно 782,7 млрд рублей.','media/news/img_16_j8DiagY.jpeg','2020-05-09 11:39:32',0,1,8,0,1),(17,'Xiaomi выпустит менее тысячи революционных Mix Alpha','Xiaomi представила свой новый концептуальный смартфон — Xiaomi Mix Alpha. Устройство вызвало настоящий ажиотаж в сети, многие задавались вопросом, а будет ли дефицит на устройство во время начала продаж. Как оказалось, будет, да еще какой!\r\nСудя по данным авторитетного инсайдера Xiaomishka, Mix Alpha будет крайне эксклюзивным и дефицитным устройством. По данным его источника, до конца 2019 года компания соберет и выпустит не более 500 единиц своего революционного смартфона. Само собой, со временем, тираж может быть увеличен, но учитывая стоимость устройства, вполне вероятно, что это может и не произойти.\r\n<br><br>\r\nНапомним, что по словам главы Xiaomi Лей Цзюня, на создание Mix Alpha у компании ушло около 2 лет и 70 млн долларов. Как и было сказано со сцены, появление смартфона в продаже ожидается в конце декабря 2019 по цене около 2,8 тыс долларов.','media/news/img_17_IS16KEK.jpg','2020-05-09 11:45:25',1,1,1,1,1),(18,'Twitter предложит подумать перед отправкой оскорбительного комментария','В соцсети пытаются побудить пользователей переосмыслить свое поведение в онлайне и тщательнее выбирать выражения в пылу интернет-дебатов.\r\n<br><br>\r\nКомпания начала глобальный эксперимент с англоязычными твитами, который продлится не менее нескольких недель. Теперь, после того как пользователь нажмет кнопку «отправить», алгоритм сообщит ему, есть ли в его твите оскорбительные выражения, и уточнит, хочет ли человек их изменить.\r\n<br><br>\r\nСогласно отчету, в период с января по июнь прошлого года Twitter принял меры против почти 396 000 учетных записей в соответствии со своей политикой против абьюза, и более 584 000 учетных записей в соответствии со своей политикой против оскорбительного контента. В том числе этой борьбе помогают пользователи, помечающие твиты, которые нарушают правила.\r\n<br><br>\r\nНапомним, что ранее генеральный директор Instagram Адам Моссери написал в своем блоге о подобной функции. Там искусственный интеллект интересуется, действительно ли пользователь уверен в своем решении и хочет оставить обидный комментарий под чьим-то постом, что позволяет хотя бы частично оградить людей, в особенности подростков, от издевательств.','media/news/img_18_9Jg4PYe.jpg','2020-05-09 11:51:09',0,1,2,0,1),(19,'Google открывает бесплатный доступ к своему сервису видеоконференций','Если раньше Google Meet был доступен только обладателям бизнес-аккаунтов GSuite или GSuite for Education, а в начале марта компания предоставила его всем пользователям этих сервисов, то теперь все стало еще проще. Для использования видеоконференцсвязи понадобится обычная электронная почта.\r\n<br><br>\r\nДо 30 сентября пользователи смогут созваниваться без ограничений по времени, а после им будут доступны сессии длительностью 60 минут. Одновременно в конференциях смогут принимать участие до 100 человек. Редактирование в режиме реального времени и демонстрация экрана также включены.\r\n<br><br>\r\nВ целях безопасности к звонку не могут подключаться анонимные пользователи без учетной записи Google. Помимо этого, сами собрания и их запись защищены шифрованием, а данные участников не используются для рекламы и не передаются третьим сторонам. \r\n<br><br>\r\nВ дальнейшем подключиться к сервису можно будет как в десктоп-версии meet.google.com, так и в мобильных приложениях на iOS и Android.','media/news/img_19_5xi2hvz.jpg','2020-05-09 11:55:39',0,1,2,0,2),(20,'На фоне пандемии рынок вакансий в ИТ-сфере стал сужаться','Коронавирус стал причиной сокращения числа вакансий на отечественном рынке информационных технологий. И хотя подавляющее большинство профильных специалистов заявили, что ситуация с работой не изменилась, а сама ИТ-отрасль оказалась в условиях пандемии наиболее устойчивой и гибкой, эксперты утверждают, что ситуация все еще остается непредсказуемой.\r\n<br><br>\r\nПо данным ряда исследований, IT-бизнес вошел в число тех немногих отраслей, которые оказались наиболее приспособленными к новой реальности, связанной с распространением коронавирусной инфекции. Например, отечественным участникам рынка информационных технологий переход к формату «домашнего офиса» дался без особых усилий – они оказались наиболее гибкими и приспособленными за счет уже работающих инструментов коммуникации и удаленного доступа к данным.\r\n<br><br>\r\nБолее того, по некоторым данным, с наступлением режима самоизоляции спрос на некоторые ИТ-специальности вырос. Так, по оценке управляющего партнера HR-агентства «Персонал-Янтарь» Натальи Воронцовой, перевод в режим самоизоляции выявил на калининградском рынке рост спроса на специалистов по обработке «больших данных», по ведению цифрового документооборота, а также на digital-специальности. Большая часть вакансий, открытых в регионе в марте текущего года, была ориентирована, в том числе, на представителей сфер ИТ, интернета и телекоммуникаций – на их долю пришлось 13% от всех предложений (на первом месте – вакансии для специалистов в сфере продаж – 31%), на фоне того, что в целом число новых вакансий сократилось примерно на 30%.\r\n<br><br>\r\nОднако, как свидетельствуют статистические данные рекрутингового портала HeadHunter, в целом отечественный рынок вакансий в ИТ-сфере испытал отрицательное влияние коронавируса. К примеру, по итогам марта 2020 г. число размещенных на сайте резюме от специалистов из сферы IT выросло, по сравнению с аналогичным периодом 2019 год, на 7%.\r\n<br><br>\r\nТакие же данные продемонстрировали и результаты интерактивного опроса, проведенного блогером Senior Software Vlogger, участие в котором приняли уже свыше 3 200 специалистов Quality Assurance, разработчиков, продакт-менеджеров и специалистов по Data Scientists. Судя по данным опроса, в марте 2020 г. 4,3% респондентов потеряли работу из-за эпидемии коронавируса. По мнению еще 20% опрошенных, за прошедший месяц в сфере IT ситуация с работой ухудшилась. Однако подавляющее большинство опрошенных - 65% - утверждают, что никаких изменений они не наблюдают. Сам автор исследования отметил, что пандемия не так сильно повлияла на отрасль IT, как на авиаперевозки и туризм, однако ситуация все еще остается непредсказуемой.\r\n<br><br>\r\nКак комментировали в СМИ эксперты в IT-сфере, в ситуации распространении пандемии COVID-19 и введения превентивных мер противодействия индустрия информационных технологий оказалась гораздо менее уязвима, по сравнению с другими, так как не связана с перемещением большого количества людей или грузов. Однако, как и другие отрасли, ИТ-индустрия зависит от общего состояния рынка. Массовые карантинные мероприятия остановят работу тысяч компаний по всему миру, из-за чего объемы инвестиций в ИТ могут существенно сократиться, а темпы роста ИТ-рынка уменьшатся, считает Павел Адылин, исполнительный директор компании Artezio (группа компаний «Ланит»).\r\n<br><br>\r\nОсновное влияние COVID-19 может оказать на три типа компаний из ИТ-отрасли: явно пострадают компании, которые занимаются производством оборудования, разработчики, ориентированные на попавшие в зону риска отрасли, и ИТ-компании, которые существенно зависят в своей деятельности от общения с клиентами и партнерами (крупные международные компании-вендоры и интеграторы), прокомментировал Лев Разумовский, президент группы компаний «Рамакс».\r\n<br><br>\r\nВо второй половине марта 2020 г. Ассоциация предприятий компьютерных и информационных технологий (АПКиТ), куда входят в том числе «1C» ABBYY, Acer, IBM и «Лаборатория Касперского», обратилась в адрес Минкомсвязи РФ с просьбой включить индустрию в список отраслей, наиболее пострадавших из-за пандемии коронавируса и экономического кризиса, и разработать способы поддержки беспрерывного функционирования объектов критической ИТ-инфраструктуры. Как предупредили авторы письма, IT-индустрия одной из первых страдает от снижения спроса во время кризиса, а спад в индустрии может привести к снижению качества услуг в цифровом формате и отъезду высококвалифицированных программистов из России.','media/news/img_20_rhigvm3.png','2020-05-09 12:00:38',0,1,8,0,2),(21,'Россия вышла на второе место по числу заразившихся коронавирусом','В России зарегистрировано 232 243 случаев заболевания коронавирусной инфекцией, сообщили в оперативном штабе. Таким образом, страна вышла на второе место в мире по числу заболевших COVID-19.\r\n<br><br>\r\nСогласно данным университета Джонса Хопкинса, США занимают первое место — более 1,3 миллиона заразившихся. Далее следует Россия, обогнав Испанию (более 227 тысяч заболевших) и Великобританию, где выявили более 224 тысяч случаев COVID-19.\r\n<br><br>\r\nТакже в список входят Италия, Франция, Германия, Бразилия, Турция, Иран и Китай.\r\n<br><br>\r\nПо последним данным ВОЗ, в мире выявлено более четырех миллионов случаев заболевания, выздоровели 278 тысяч человек. Согласно подсчетам Университета Джонса Хопкинса (США), в мире число людей с COVID-19 превысило 4,1 миллиона человек.\r\n<br><br>\r\nЗа сутки в России выявлено 10 899 случаев заболевания, 3711 человека выздоровели, 107 — погибли.','media/news/img-20_REbgrrh.jpg','2020-05-12 10:03:31',0,1,3,1,2);
/*!40000 ALTER TABLE `news_news` ENABLE KEYS */;
UNLOCK TABLES;

--
-- Table structure for table `news_type`
--

DROP TABLE IF EXISTS `news_type`;
/*!40101 SET @saved_cs_client     = @@character_set_client */;
/*!40101 SET character_set_client = utf8 */;
CREATE TABLE `news_type` (
  `id` int(11) NOT NULL AUTO_INCREMENT,
  `name` varchar(64) COLLATE utf8mb4_unicode_ci NOT NULL,
  `is_active` tinyint(1) NOT NULL,
  PRIMARY KEY (`id`)
) ENGINE=InnoDB AUTO_INCREMENT=9 DEFAULT CHARSET=utf8mb4 COLLATE=utf8mb4_unicode_ci;
/*!40101 SET character_set_client = @saved_cs_client */;

--
-- Dumping data for table `news_type`
--

LOCK TABLES `news_type` WRITE;
/*!40000 ALTER TABLE `news_type` DISABLE KEYS */;
INSERT INTO `news_type` VALUES (1,'Технологии',1),(2,'Интернет',1),(3,'Новости',1),(4,'Mac iOS',1),(5,'Люди',1),(6,'Статьи',1),(7,'Россия',1),(8,'США',1);
/*!40000 ALTER TABLE `news_type` ENABLE KEYS */;
UNLOCK TABLES;

--
-- Table structure for table `register_profile`
--

DROP TABLE IF EXISTS `register_profile`;
/*!40101 SET @saved_cs_client     = @@character_set_client */;
/*!40101 SET character_set_client = utf8 */;
CREATE TABLE `register_profile` (
  `id` int(11) NOT NULL AUTO_INCREMENT,
  `img` varchar(100) COLLATE utf8mb4_unicode_ci NOT NULL,
  `user_id` int(11) NOT NULL,
  `email` varchar(254) COLLATE utf8mb4_unicode_ci NOT NULL,
  `phone` int(11) NOT NULL,
  PRIMARY KEY (`id`),
  UNIQUE KEY `user_id` (`user_id`),
  UNIQUE KEY `email` (`email`)
) ENGINE=InnoDB DEFAULT CHARSET=utf8mb4 COLLATE=utf8mb4_unicode_ci;
/*!40101 SET character_set_client = @saved_cs_client */;

--
-- Dumping data for table `register_profile`
--

LOCK TABLES `register_profile` WRITE;
/*!40000 ALTER TABLE `register_profile` DISABLE KEYS */;
/*!40000 ALTER TABLE `register_profile` ENABLE KEYS */;
UNLOCK TABLES;

--
-- Table structure for table `st_articles`
--

DROP TABLE IF EXISTS `st_articles`;
/*!40101 SET @saved_cs_client     = @@character_set_client */;
/*!40101 SET character_set_client = utf8 */;
CREATE TABLE `st_articles` (
  `id` int(11) NOT NULL AUTO_INCREMENT,
  `title` varchar(128) COLLATE utf8mb4_unicode_ci NOT NULL,
  `text` text COLLATE utf8mb4_unicode_ci NOT NULL,
  `image` varchar(100) COLLATE utf8mb4_unicode_ci NOT NULL,
  `publication_date` datetime NOT NULL,
  `on_main` tinyint(1) NOT NULL,
  `is_active` tinyint(1) NOT NULL,
  `category_id` int(11) DEFAULT NULL,
  `img_to_slider` tinyint(1) NOT NULL,
  `author_id` int(11) NOT NULL,
  PRIMARY KEY (`id`),
  KEY `st_articles_category_id_950ec559` (`category_id`),
  KEY `st_articles_author_id_dbab9e79` (`author_id`)
) ENGINE=InnoDB AUTO_INCREMENT=15 DEFAULT CHARSET=utf8mb4 COLLATE=utf8mb4_unicode_ci;
/*!40101 SET character_set_client = @saved_cs_client */;

--
-- Dumping data for table `st_articles`
--

LOCK TABLES `st_articles` WRITE;
/*!40000 ALTER TABLE `st_articles` DISABLE KEYS */;
INSERT INTO `st_articles` VALUES (7,'Перенос запуска TON: инвесторы вернут свои деньги акциями Telegram','Блокчейн-платформа братьев Дуровых должна была запуститься 30 апреля — в противном случае основатель Telegram был обязан вернуть деньги инвесторам. Изначально Павел Дуров обещал вернуть 72% от инвестиций — остальные 5% он собирался тратить на дальнейшее развитие проекта.\r\n<br><br>\r\nНо планы по запуску Telegram Open Network (TON) изменились. В ходе судебных разбирательств с Комиссией по ценным бумагам и биржам США (SEC) суд увидел в собранных от инвесторов $1.7 млрд незарегистрированные ценные бумаги. Таким образом ходатайство регулятора было удовлетворено.\r\n<br><br>\r\nОднако Telegram продолжил отстаивать свою позицию, пытаясь не допустить окончательного запрета на выпуск токенов Gram и выход блокчейн-платформы. Эксперты видели несколько вариантов решения вопроса до 30 апреля, однако по факту ни одно из ключевых предположений не оказалось верным.\r\n\r\nЭтой ночью команда братьев Дуровых разослала инвесторам письмо, копия которого была любезно предоставлена корреспондентам The Bell, «Ведомостей» и РБК. «Код Дурова» изучил письмо и выделил ряд главных тезисов из письма основателя Telegram.\r\n<br><br>\r\nДуров не может выдать инвесторам Gram 30 апреля, но предлагает вернуть 110% инвестиций\r\nВ письме напоминается, что исходя из плана в таком случае команда TON обязана вернуть 72% первоначально вложенной суммы. Однако Дуров предложил альтернативный вариант получения 110% инвестиций. Это на 53% выше тех денег, которые инвесторы могли бы получить сейчас.\r\n<br><br>\r\nЕсли за год всё уладится — инвесторы получат больше выгоды\r\nДиалог с регулятором и американскими властями продолжается. В случае получения соответствующих разрешений до 30 апреля 2021 года инвесторы обзаведутся дополнительной возможностью получения Gram или потенциально другой криптовалюты на тех же условиях, что указывались в первоначальных соглашениях с инвесторами.\r\n<br><br>\r\nЕсли всё будет плохо, то Telegram погасит долг перед инвесторами своими акциями\r\nДа, это то о чём вы подумали. Дуров предложил вариант возврата денег инвесторам методом использования выручки от продажи собственного капитала Telegram. На всякий случай мы просто напомнил, что 12 декабря 2017 года основатель Telegram заявил, что мессенджер не продаётся ни за какие деньги:\r\n<br><br>\r\nДаже за 20 млрд долларов он не продаётся. Это пожизненная гарантия, — говорил Павел Дуров в интервью Bloomberg.\r\nВряд ли речь идёт о полной продаже акций Telegram, которые, условно говоря, де-факто сосредоточены в руках Павла Дурова. Скорее всего, команда Telegram позволит продать лишь часть акций. Ожидания у Дурова такие, что стоимость мессенджера в несколько раз больше, нежели совокупная сумма долга перед инвесторами TON.\r\n<br><br>\r\nВ письме напоминается о том, что у мессенджера 400 млн ежемесячных пользователей с приростом 1,5 млн человек в день, и Telegram в своей категории в App Store является самым скачиваемым приложением в 27 странах, в том числе в Индии, России, Бразилии и других:','media/st/img_1_dGz3AsS.jpg','2020-05-07 12:20:03',0,1,3,1,1),(8,'Рассказываем подробности представленной оболочки  MIUI 12','Из года в год компания Xiaomi представляет обновление фирменной оболочки MIUI. С каждым разом она обрастает новыми фишками и более приятным дизайном. Если несколько лет назад MIUI ценили только за функционал, то сейчас смело можно заявлять и об элегантности уникального интерфейса.\r\n<br><br>\r\nMIUI 12 была представлена 27 апреля вместе со смартфоном Mi 10 Youth Edition. Обновление обросло дополнительными изменениями в интерфейсе, анимациях, функциях многозадачности и безопасности. Но прежде давайте отметим устройства, которые обязательно получат MIUI 12 после её официального релиза.\r\n<br><br>\r\nБета-тестирование MIUI 12 началось только вчера вечером и уже за сутки прошивка успела набрать по всему миру почти 1 млн желающих тестировать апдейт. Тем не менее, многих интересует скорее выход стабильной прошивки. В этом году он будет по традиции происходить в несколько этапов.\r\n<br><br>\r\nНа первом этапе в конце июня MIUI 12 выйдет для:\r\n<br><br>\r\nXiaomi Mi 10 / Mi 10 Pro / Mi 10 Youth Edition\r\nXiaomi Mi 9 / Mi 9 Pro 5G / Mi 9 Transparent Edition Redmi\r\nK30 / K30 Pro / K30 5G\r\nRedmi K20 / K20 Pro / K20 Pro Premium Edition\r\nВторой этап начнётся чуть позже и к нему присоединятся такие устройства:\r\n<br><br>\r\nXiaomi Mi MIX 3 / Mi MIX 2S Xiaomi Mi CC9 / Mi CC9 Pro / Mi CC9 Meitu Custom Edition\r\nXiaomi Mi 9 SE Xiaomi Mi 8 / Mi 8 Youth Edition / Mi 8 Explorer Edition\r\nRedmi Note 8 Pro Redmi Note 7 / Note 7 Pro\r\nНа заключительном этапе в обновлении будут участвовать уже больше устройств суббренда Redmi:\r\n<br><br>\r\nXiaomi Mi CC9e / Xiaomi Mi Note 3\r\nXiaomi Mi MAX 3 / Xiaomi Mi MIX 2\r\nXiaomi Mi 8 SE / Xiaomi Mi 6X\r\nRedmi Note 8 / Redmi 8 / 8A\r\nRedmi 7 / 7A / Redmi Note 5\r\nRedmi 6 / 6A / 6 Pro / Redmi S2\r\nИнтерфейс, обои и мультизадачность\r\nДавайте поговорим о нововведениях, которые нас ожидают в MIUI 12. В обновлении Xiaomi вновь поработала над анимациями по всей системе. Теперь почти каждое действие каким-либо образом связано с анимацией: от поворота экрана до запуска списка недавно запущенных приложений.\r\n<br><br>\r\nВ обновлённом приложении «Погода» пользователь сможет «почувствовать изменения погоды на кончиках пальцев». Дизайн программы будет меняться в зависимости от метеорологических условий, поэтому визуальнее будет гораздо приятнее воспринимать, какая сейчас погода — гроза, снег или безоблачность.\r\n<br><br>\r\nВ компании постарались сделать интерфейс ещё легче. Некоторые графики и индикаторы обрели новое оформление, а также увеличилось пространство между элементами. А ещё в новом «Тёмном режиме» яркость обоев будет настраиваться в зависимости от времени суток, а контрастность и толщина шрифтов будут видоизменяться для улучшения читаемости картинки.\r\n<br><br>\r\nПоявилась новая функция Super Wallpapers. Планеты станут ключевыми героями обновления. Теперь при выборе обоев с планетами можно будет узнать координаты, где сделан тот или иной снимок.\r\n<br><br>\r\nЕсли смотреть на заставку с Марсом, то в отличие от обычных классических «живых» обоев здесь расписаны целых три сцены:\r\n<br><br>\r\nобщий вид на планету, доступный на экране блокировки;\r\nпри разблокировке плавное масштабирование до аэрофотоснимка с нескольких сотен метров над поверхностью Марса;\r\nфокус на небольшой детали планеты при открыти той или иной папки на рабочем столе в лаунчере.\r\nКак по мне, это вполне грандиозное решение, делающее интерфейс более живым. Захватывающих дух анимаций в MIUI пользователям не хватало уже давненько.\r\n<br><br>\r\nКстати, скачать новые обои MIUI 12 можно уже сейчас из архива в Google Диске. Там целых 25 обоев, среди которых и те самые Super Wallpapers. Их опубликовал известный инсайдер Судханшу Амбхоре.','media/st/img_2_ZZlp5Je.jpg','2020-05-07 12:24:07',1,1,2,0,1),(9,'8 причин участвовать в соревнованиях по спортивному программированию','Разработчики каждый год входят в топ самых востребованных профессий, но компаниям по-прежнему не хватает крутых специалистов. Сейчас лучший момент, чтобы освоить профессию программиста: спрос огромный, а карантин дает возможность наконец-то взяться за онлайн-курсы. Разобрали с основателем Moscow Workshops, проректором МФТИ Алексеем Малеевым главные плюсы программерских контестов для карьеры и жизни в целом.\r\n<br><br>\r\nФото здесь и далее представлены пресс-службой МФТИ и Randy Piland\r\nВ 2020-м весь мир буквально за пару месяцев ушел в онлайн: школы, магазины, офисы и предприятия стали работать в digital-формате. Пока во многих странах люди теряют работу из-за карантина, спрос на IT-специалистов продолжает расти. У одних только Zoom и Slack количество вакансий увеличилось на 50-100%. Эпидемия коронавируса также показала – тысячи задач и процессов нуждаются в автоматизации, но потенциал до сих пор не реализован.\r\n<br><br>\r\nВ этих условиях спрос на специалистов по искусственному интеллекту и работе с большими данными растет рекордными темпами. Как отмечали аналитики LinkedIn в недавнем отчете о будущем рынка труда: `Быть инженером/разработчиком выгодно всегда`. Сейчас, в период масштабной digital-перестройки и массового перехода на удаленку, это высказывание актуально, как никогда.\r\n<br><br>\r\nПовышенный спрос на ИТ-специалистов рождает большое количество курсов, где учат программированию. И скоро уже будет совсем непросто выделиться знанием Java на рынке труда. Но есть отрасль, в которой можно себя проявить и прокачать навыки на новом уровне, – чемпионаты по спортивному программированию. Она быстро растет: на самой популярной в мире соревновательной платформе по спортивному программированию Codeforces по итогам 2019 года было более 800 тысяч зарегистрированных пользователей, из которых 500 тысяч сдали хотя бы одну задачу. Два года назад пользователей платформы было в два раза меньше.\r\n<br><br>\r\nКаждый год по всему миру появляются новые соревнования для школьников, студентов и профессиональных программистов. Миллионы людей увлеченно решают алгоритмические задачи, разбирают сложные кейсы из IT-индустрии и показывают чудеса кодинга за рекордный срок.\r\n<br><br>\r\nКажется, что за этим стоит лишь азарт и `спортивный интерес`. Однако спортивное программирование – это идеальная среда для ускоренной прокачки навыков, а также оптимальная отправная точка для старта карьеры. Разберемся, почему.\r\n<br><br>\r\nЗнакомство с коммьюнити\r\nВ первую очередь соревнования по спортивному программированию – это среда единомышленников. За каждой победой стоят тысячи часов подготовки: это как индивидуальная работа, занятия с тренерами, так и сборы, как в привычном спорте. То есть участник постоянно взаимодействует с другими людьми, такими же увлеченными и талантливыми. Многие начинают еще со школьных олимпиад по математике и информатике.\r\n<br><br>\r\nУ спортивного программирования сильное сообщество выпускников, многие из которых стали известными на весь мир программистами, основателями компаний. Те, кто уже выпустились из вузов и закончили соревновательную карьеру, продолжают взаимодействовать с коммьюнити, поддерживают следующие поколения, ищут себе в команду стажеров и сотрудников в этой среде, открывают вместе проекты и бизнесы. Например, сооснователи российского стартапа AI Factory Виктор Шабуров и Александр Машрабов участвовали в чемпионатах ICPC в разные годы. И горизонтальное движение очень распространено – хорошим ребятам предлагают новые интересные задачи внутри компаний.\r\n<br><br>\r\nСвязь с бизнесом\r\nБизнес встроен в систему спортивного программирования: компании спонсируют контесты, хантят медалистов. Крупные чемпионаты посещают сотрудники таких IT-корпораций, как Google, Яндекс, Mail.ru Group, Сбербанк, МегаФон: они знакомятся с конкурсантами, а победителям часто предлагают работу. Для бизнеса соревнования по программированию - это еще и возможность получить экспертизу: какие тенденции есть в академическом сообществе, как выстраивать свои образовательные проекты, проводить лекции, соревнования. Так сохраняется баланс между академической средой и прикладными задачами, а классические программы обучения не становятся оторванными от жизни.\r\n<br><br>\r\nНавык командной работы\r\nОбычно соревнования по программированию – командные, по три человека в команде. Когда вам нужно за несколько часов решить сложную задачу, на которую обычно требуется целый день, приходится подстраиваться друг под друга и быстро преодолевать конфликты.\r\n<br><br>\r\nЭто полезное свойство, поскольку в корпоративной среде программисты всегда работают в связке с другими специалистами: маркетологами, аналитиками, продакт-менеджерами, поэтому без гибких навыков не обойтись. Командные соревнования помогают лучше понимать коллег, более грамотно делегировать задачи и решать конфликтные ситуации.\r\n<br><br>\r\nСейчас быстрее развиваются те, кто умеет кооперироваться, вливаться в новые команды, уважительно относиться к другим людям и доносить свою точку зрения.  \r\n<br><br>\r\nПрофессиональный рост\r\nПопадая в систему соревнований по спортивному программированию, вы включаетесь в непрерывный интеллектуальный процесс. Здесь также действуют правила конкуренции. Кто быстрее придумал решение задачи, у кого это решение получилось более лаконичным и эффективным. Нужно постоянно совершенствовать свои навыки, работать быстрее и продуктивнее, чтобы на каждом турнире добиваться лучших результатов.\r\n<br><br>\r\nОпыт работы в условиях жестких ограничений помогает справляться со сложными проектами и комплексными задачами. В результате разработчики пишут более чистый и совершенный код, который не надо переделывать.\r\n<br><br>\r\nДостичь статуса победителя – это значит проделать колоссальную работу над собой. Но для профессионального роста не обязательно становится медалистом – участие тоже значительно развивает навыки. К тому же каждый год организаторы добавляют новые модули, тестируют новые технологии – благодаря этому участники легко ориентируются в последних тенденциях. Например, на российском фестивале спортивного программирования RuCode добавили трек по искусственному интеллекту, а в программу чемпионата вместе с Сбербанком и Аналитическим центром при Правительстве РФ включили задания с реальными датасетами.\r\n<br><br>\r\nТем, кто хочет проявить себя, доступны множество путей и ресурсов в формате интенсивов, онлайн-курсов, семинаров и вебинаров. Бесплатные обучающие программы также есть у Стэнфордского университета и MIT. Кстати, карантин дает отличную возможность попробовать себя в новом направления и порешать задачи для эксперимента.\r\n<br><br>\r\nНе стоит забывать и о том, что участие, а тем более победа в крупном чемпионате по спортивному программированию – это хороший пункт в резюме. Бэкграунд и навыки олимпиадника ценятся во многих компаниях, а медалистам часто предлагают самые интересные и креативные задачи.\r\n<br><br>\r\nБенчмаркинг\r\nНовичкам бывает трудно объективно оценивать свои навыки. Особенно это касается школьников и студентов, которые пока еще не стали частью профессионального сообщества. Или программистов, которые давно работают на удаленке и хотят проверить, насколько их навыки отвечают современным требованиям. Для этого некоторые IT-специалисты ходят на собеседования в сторонние компании.\r\n<br><br>\r\nУчастие в чемпионате – менее рискованный шаг, который одновременно поможет получить фидбек от коллег и наладить связь с единомышленниками.\r\n<br><br>\r\nКроме того, любой контест позволяет определить сильные и слабые стороны. Например, понять, с какими языками программирования работать проще, какие задачи даются быстрее, а какие, наоборот, отнимают кучу времени. В результате повышается производительность, поскольку разработчик грамотнее расставляет приоритеты и эффективнее решает задачи.\r\n<br><br>\r\nПрокачка английского языка\r\nИсследование американских ученых показало, что склонность к изучению языков – более ценный для программиста навык, чем базовое знание математики. Возможно, для некоторых задач в программировании это правило действительно работает.\r\n<br><br>\r\nНо для программирования в целом важнее даже просто знание английского языка. Во-первых, без него просто никуда. Во-вторых, знание открывает возможность заявить о себе в международном коммьюнити и свободного взаимодействовать с мировыми лидерами IT-индустрии. Даже на международных контестах без знания языка выступить не получится. Поэтому участие в чемпионате – хороший стимул для практики.\r\n<br><br>\r\nВозможность путешествовать\r\nПхукет, Рапид-Сити, Пекин, Порто - города проведения последних финалов чемпионата ICPC. Он, как и олимпиада по информатике IOI каждый год проводится в новом месте.\r\n<br><br>\r\nДо пандемии коронавируса спортивное программирование давало возможность посмотреть мир, познакомиться с разными культурами и найти единомышленников из разных стран. Соревнований очень много: финал Google Hashcode проводится в Дублине, финалы Яндекс.Алгоритма, Google Code Jam, TopCoder Open, Facebook Hacker Cup кочуют из города в город, заключительный этап VK Cup базируется в Санкт-Петербурге. Там же проводится и чемпионат Северной Евразии Университетом ИТМО - это полуфинал чемпионата ICPC по регионам, в число которых входит Россия.\r\n<br><br>\r\nЧемпионаты по спортивному программированию проводят не только ИТ-компании, но и вузы, и студенты съезжаются на них из разных городов и стран: БГУИР организует чемпионат в Минске, открытый Чемпионат Урала проводят уральские вузы, последние три года - Уфимский государственный авиационный технический университет в Уфе, RuCTF  в Екатеринбурге делается силами Уральского федерального университета, Всесибирскую олимпиаду по программированию им. И.В. Поттосина проводит Новосибирский государственный университет, KPI-OPEN в Киеве организует Киевский политехнический институт. Для практики можно ездить и на хакатоны, одни из самых крупных - Junction в Хельсинки, HackZurich в Цюрихе.\r\n<br><br>\r\nПутешествовать можно и по международным сборам по программированию, - как в обычном спорте. Сборы Moscow Workshops, которые зародились на кампусе Физтеха, открываются все в новых и новых локациях: в Китае, Испании, Омане, Сингапуре, Бразилии, Латвии, в живописных местах России - на Дальнем Востоке и Байкале. Большинство программ короткие, поэтомы можно в течение года успеть побывать в нескольких локациях.\r\n<br><br>\r\nСтрессоустойчивость\r\nСоревнования помещают разработчиков в конкурентную среду. Любой контест – это выход из зоны комфорта, за рамки привычной обстановки квартиры или офиса.\r\n<br><br>\r\nВ результате развивается иммунитет к стрессовым условиям и прокачивается умение работать в непривычных условиях. Посторонний шум, горящие дедлайны, жесткая конкуренция – олимпиадное программирование учит работать даже под прессингом. В результате появляется не только стрессоустойчивость, но и гибкость – умение оперативно менять стратегию, экспериментировать и быстро подбирать новые решения.','media/st/img_3_Wz0j2gq.jpg','2020-05-07 12:27:04',0,1,1,0,1),(10,'Утечка iOS 14 раскрыла информацию о будущих продуктах Apple','Код iOS 14 попал в руки журналистов сайта 9to5Mac. Они обнаружили в нём упоминание многих будущих продуктов Apple. Судя по всему, компания выпустит iPhone 9, новые модели iPad Pro и Apple Watch, метки AirTag и первые накладные AirPods. iOS 14 должны представить летом 2020 года.\r\n<br><br>\r\niPhone 9 (SE 2)\r\nПредставив в 2017 году iPhone X, Apple пропустила девятую номерную модель. Теперь же в сети упорно ходят слухи о преемнице iPhone SE, которую, как ожидается, назовут iPhone 9. Модель будет с Touch ID и рассчитана на пользователей, которым нравится дизайн iPhone 8.\r\n<br><br>\r\nСегодня стало известно, что компания Apple перенесла производство iPhone 9 (SE 2) с Китая в Индию из-за коронавируса:\r\n<br><br>\r\nСМИ: производство iPhone 9 (SE 2) перенесли из Китая в Индию\r\nКомпания Apple перенесла производство iPhone 9 (SE 2) в Индию.\r\n<br><br>\r\niPad Pro с тремя камерами и датчиком глубины\r\nНовая модель iPad Pro получит систему камер из трёх линз. Как и iPhone 11 Pro, планшет будет оснащён широкоугольным, сверхширокоугольным и телефото-объективами со встроенным датчиком глубины (ToF 3D-сенсор).\r\n<br><br>\r\nСкорее всего, сенсор будет отвечать за функции дополненной реальности, так как в коде iOS 14 нашли упоминание нового приложения для AR. Кроме игр, технологию можно использовать, например, для взаимодействия с прилавками магазинов.\r\n<br><br>\r\nОжидается, что обновленный iPad Pro станет первым планшетом компании с модемом 5G:\r\n<br><br>\r\nПланшет Apple iPad с поддержкой 5G готовят к выпуску в 2020 году\r\nКомпания Apple собирается представить свой первый смартфон с 5G уже осенью текущего года. Теперь инсайдеры выяснили, что планшет iPad с поддержкой сетей пятого поколения также готовят к выпуску в 2020 году.\r\n<br><br>\r\nApple Watch Series 6 с тахиметром, детским режимом, отслеживанием сна и многое другое\r\nApple разрабатывает новую функцию для совместного использования циферблатов. Используя лист обмена из приложения Watch на iOS пользователи смогут обмениваться друг с другом определенными конфигурациями, которые будут доступны в виде файлов. Их можно будет предварительно просмотреть в приложении «Файлы» и предоставить к ним доступ различными способами, включая AirDrop с iPhone.\r\n<br><br>\r\nДве версии циферблата, представленные в 2018 году вместе с Apple Watch Series 4, назывались Infograph и Infograph Modular. Компания представит ещё один вариант под названием Infograph Pro, ключевой характеристикой которой станет новый элемент – тахиметр. Он применяется для определения скорости на основании времени в пути.\r\n<br><br>\r\nПомимо этого, в циферблат с личными фотографиями теперь можно будет установить снимки из общих альбомов, а не только из своей коллекции.\r\n<br><br>\r\nWatchOS 7 станет полезным обновлением для родителей, так как появится родительский контроль, с помощью которого можно будет ограничить список контактов и доступную музыку. Новая функция «Школа» позволит родителям контролировать список доступных приложений во время уроков.\r\n<br><br>\r\nКроме того, новые Apple Watch получат функцию отслеживания сна и возможность измерения уровня кислорода в крови, что очень важно для поддержания здоровья сердца и мозга:\r\n<br><br>\r\nНовые Apple Watch смогут отслеживать уровень кислорода в крови\r\nКомпания Apple намерена внедрить новую функцию, которая расширит возможности контроля состояния здоровья через Apple Watch.\r\n<br><br>\r\nНакладные AirPods\r\nВ коде iOS 14 обнаружили иконки накладных наушников, представленных в светлом и тёмном цветах. В 9to5Mac считают, что это будут первые аудиоустройства такого формата от Apple. Ожидается, что они получат более глубокую интеграцию с экосистемой, чем продукты Beats, например, добавят функцию автоматической паузы при снятии наушников.\r\n<br><br>\r\nВ базе магазина Target засветились неизвестные AirPods (X Generation)\r\nАналитик Джон Проссер опубликовал снимок, на котором можно увидеть цену на наушники под названием AirPods (X Generation).\r\n<br><br>\r\nApple TV и AirTag\r\nРанее было известно, что Apple работает над новой Apple TV. Код iOS 14 включает в себя небольшое упоминание о новом пульте Apple TV. Но пока более конкретной информации по этому поводу ещё нет.\r\n<br><br>\r\nApple также разрабатывает новое приложение для Apple TV. Оно позволит пользователям загружать упражнения и тренироваться перед телевизором. Все данные будут синхронизироваться с Apple Watch, а интеграция с Apple Music позволит пользователям слушать музыку во время тренировок.\r\n<br><br>\r\nВ коде iOS 14 также присутствуют новые подробности о трекерах AirTag. Судя по всему, их нужно будет настраивать через iOS. Возможно, батареи этих устройств будут съёмными, как на трекерах Tile.\r\n<br><br>\r\nПользователи последних моделей Apple iPhone смогут отслеживать AirTags через дополненную реальность. Небольшие метки можно будет прикрепить к вещам и когда владелец отойдет на достаточное расстояние, iPhone уведомит пользователя об этом, чтобы помочь их найти.','media/st/img_4_cHkjFLB.jpeg','2020-05-07 12:29:23',0,1,5,1,1),(11,'Есть ли вирусы на Mac: мифы и легенды об угрозах для macOS','«На Mac вирусов нет» — это довольно распространенное мнение, которого, вероятно, придерживается большинство пользователей устройств на базе macOS. Но так ли это на самом деле?\r\n<br><br>\r\nМы попросили антивирусного эксперта «Лаборатории Касперского» Виктора Чебышева прояснить этот момент и рассказать о тех угрозах, которые для macOS все же имеют место быть.\r\n<br><br>\r\nСреди пользователей устройств, работающих на одной из «яблочных» операционных систем, и по сей день бытует мнение, что macOS абсолютно защищена от различных вирусов и троянских программ. Во многом это связано с тем, что Apple долгое время отрицала существование троянцев под свою ОС, в результате чего большинство пользователей начали считать, что они действительно неинтересны злоумышленникам, хотя это не так.\r\n<br><br>\r\nНичего не вижу, ничего слышу, ничего никому не скажу\r\nТакая ситуация недооценки угроз сыграла на руку злоумышленникам. По сути, перед ними открыты все двери – заходи и бери всё, что нужно. Так и случилось: в 2012 году число зараженных троянцем Flashfake пользователей macOS достигло 700 тысяч.\r\n<br><br>\r\nОдин из модулей этого зловреда занимается подменой поискового трафика, показывая пользователю ложные результаты при использовании поисковых систем. Таким образом, злоумышленники зарабатывали деньги на «кликах». Но в зависимости от целей, помимо перехвата поискового трафика, они могли загружать на заражённые устройства и другие вредоносные модули, предназначенные для рассылки спама, кражи персональной информации, включая логины и пароли от систем онлайн-банкинга.\r\n<br><br>\r\nСтоит сказать, что тогда были другие времена: система действительно была недостаточно защищена и злоумышленники очень эффективно технически могли атаковать пользователей.\r\n<br><br>\r\nСпустя восемь лет ситуация поменялась в лучшую сторону, хотя бы потому что число пользователей, установивших те или иные защитные решения, сильно увеличилось. К тому же и Apple сильно продвинулась в вопросах защиты: macOS буквально «обросла» различным защитными механизмами, в том числе неплохим антивирусом.\r\n<br><br>\r\nМожет быть, из-за этого в мире сложилось два устойчивых мифа, которые, к сожалению, могут выйти боком пользователю. Попробуем разобрать оба.\r\n<br><br>\r\nМиф 1: угроз для macOS не существует\r\nЧисло обнаруженных угроз (троянцы, adware и т.д.) растёт из года в год, это во многом коррелирует с ростом пользовательской базы – чем популярнее платформа, тем больше её владельцы интересны злоумышленникам. В последнее время мы наблюдаем снижение активности некоторых групп (на графике это видно по 2019 году), но это опять же не значит, что угроз для macOS не существует вовсе.\r\n<br><br>\r\nС другой стороны, внимание заслуживают именно типы угроз, и тут разнообразие поражает. Есть довольно примитивные программы удалённого доступа (backdoor или RAT): если пользователя заразят таким бэкдором, то у злоумышленников появится полный доступ к файловой системе устройства. Есть и продвинутые модульные угрозы, скрывающие свою деятельность от самой системы и пользователя. Но самым распространённым типом угроз являются рекламные приложения (adware) и инструменты их распространения.\r\n<br><br>\r\nТоп угроз для macOS в 2019 году: лидируют рекламные приложения\r\nКазалось бы, чем может быть опасна реклама? Всё дело в личных данных пользователя: рекламные приложения собирают кучу данных о нас без нашего согласия, и всё это «оседает» на серверах третьих лиц. А значит, в их руках могут оказаться и предпочтения пользователя, и его история в браузере, и многое другое.\r\n<br><br>\r\nК тому же «видимый» результат от работы таких программ тоже не самый приятный: захотел погуглить велосипед для триатлона, а вместо этого получишь порнобаннер или рекламу грузовика.\r\n<br><br>\r\nЕсли говорить о самой распространённой на сегодня угрозе, то это троян Shlayer. Почти треть (29%) всех атак на владельцев macOS в мире с января по ноябрь 2019 года происходили с использованием именно этого зловреда.\r\n<br><br>\r\nПри этом только наши решения для macOS заблокировали этот зловред у 12% пользователей в России. Shlayer распространяется под видом обновлений для Adobe Flash Player. Чаще всего троянцы семейства Shlayer загружают и устанавливают на устройство пользователя различные рекламные приложения. Но их функционал теоретически позволяет скачивать программы, которые не просто заваливают пользователей рекламными блоками, но и самопроизвольно открывают рекламные страницы в браузерах и подменяют результаты поиска, чтобы загружать ещё больше рекламных сообщений.\r\n<br><br>\r\nМиф 2: система абсолютно защищена\r\nА вот тут всё не так уж и плохо, и развеять этот миф, казалось бы, будет сложнее, но на самом деле всё не совсем так. Да, действительно macOS содержит много барьеров для злоумышленников, но возможность заражения существует и по сей день. Основная опасность заключается в том, что установить приложение на устройство из сторонних источников всё ещё можно, разумеется, минуя App Store (в отличие от iOS, например).\r\n<br><br>\r\nСистема предупредит о такой установке, но при правильном подходе со стороны злоумышленников пользователи часто игнорируют такие сообщения, и установки оказываются успешными (конечно же, для атакующих). А воздействовать злоумышленники научились весьма эффективно. Например, они могут мимикрировать под различный популярный или, наоборот, очень редкий, но нужный софт, фильмы, игры и т.д.\r\n<br><br>\r\nПротивостоять таким заражениям в каких-то случаях ещё можно при помощи встроенного антивируса, который на борту системы с самого начала работы, но вот что делать с фишингом, неясно. Стоит сказать, что стабильный рост фишинговых угроз для mac-пользователей мы наблюдаем с 2015 года. И штука это очень опасная, так как может обернуться, например, утечкой Apple ID или данных банковской карты. Данные Apple ID — это клад для преступников. Они могут украсть идентификатор при помощи фишинга, получить доступ к блокировке устройства, заблокировать его и просить выкуп. А чем обернётся для человека потеря данных банковской карты, можно даже и не говорить.\r\n<br><br>\r\nКоличество фишинговых атак на пользователей macOS постоянно растёт: только по нашим данным, за первую половину 2019 года их число почти достигло 6 миллионов. Чаще всего фишинговые страницы притворяются банковскими сервисами, глобальными онлайн-порталами или социальными сетями.\r\n<br><br>\r\nК тому же пользователи macOS, как и любые другие, не застрахованы от различных вариантов онлайн-мошенничества, последствия которых могут быть весьма неприятными. Например, в прошлом году мы наблюдали всплеск скама — онлайн-мошенничества, при котором злоумышленники предлагают пройти небольшой опрос, поучаствовать в акции (многие наверняка видели в Instagram странные видео от звезд) и получить за это крупную сумму. Но чтобы получить её, необходимо оплатить небольшую «комиссию» за вывод средств или налог — порядка 200 рублей. В результате никаких денег человек не получает, а сама «комиссия», а в придачу и данные платёжной карты уходят злоумышленникам. Скам — это далеко не единственный вид онлайн-мошенничества, злоумышленники постоянно изобретают новые схемы.\r\n<br><br>\r\nИ что делать?\r\nПрежде всего, стоит помнить о том, что ни одна система не может быть на 100% безопасной, и потому стоит принять дополнительные меры для защиты своих данных.\r\n<br><br>\r\nМы призываем пользователей:\r\n<br><br>\r\nне переходить по подозрительным ссылкам в почте, социальных сетях и мессенджерах;\r\nскачивать программы только из App Store (там они проходят модерацию, в том числе проверку на наличие зловредного кода);\r\nвнимательно читать отзывы о сайтах с развлекательным контентом, прежде чем скачивать какие-либо фильмы или сериалы (а ещё лучше – пользоваться только легальным контентом);\r\nобновлять программы и ОС по мере выхода обновлений (в них разработчики выпускают исправления, закрывающие уязвимости, которые могут использовать злоумышленники для получения доступа к устройству).','media/st/img_4_EN2KM9A.jpg','2020-05-07 12:34:14',1,1,5,0,1),(12,'Провал Apple News+. Глава новостного бизнеса уволилась через 11 месяцев после запуска','25 марта 2019 года Apple представила сервис Apple News+, позволяющий по подписке за $9,99 в месяц получить доступ к серии сотен платных журналов. Спустя 11 месяцев руководитель отдела по развитию новостного бизнеса компании Лиз Шимел ушла в отставку.\r\n<br><br>\r\nЛиз Шимел занимала свою должность с середины 2018 года. Одной из причин её ухода являются неудовлетворительные результаты работы Apple News+. Подписочная модель оказалась провальной, несмотря на её преимущества: если в год за все предложенные в сервисе журналы и газеты нужно платить $8000, то Apple предлагает всё это всего за $9,99 в месяц.\r\n<br><br>\r\nКроме того, само приложение имеет достаточно простой и понятный интерфейс: касаясь анимированной обложки журнала пользователь сразу же попадает на контент. В News+ три основных раздела: главные истории дня, рекомендации для конкретного читателя и новые материалы из выбранных изданий в хронологическом порядке.\r\n<br><br>\r\nТем не менее, такое удобство и усердные старания команды Шимел не привели к должным результатам. Команде отдела по развитию новостного бизнеса так и не удалось привлечь на платформу крупные издания The New York Times и The Washington Post.\r\n<br><br>\r\nСейчас Apple News+ позволяет читать цифровые версии таких газет и журналов как The Wall Street Journal, Time, The New Yorker, Esquire, Men\'s Health, National Geographic, Billboard и сотен других менее крупных изданий, однако ещё в ноябре плохой спрос приводил руководство Apple к мнению о необходимости объединить News+ с другими сервисами компании для увеличения аудитории.\r\n<br><br>\r\nРечь идёт о том, чтобы объединить подписки Apple News+, TV+ и Music в единый пакет. Отделу по развитию новостного бизнеса удалось добиться договорённостей с изданиями, входящими в News+ о возможности внедрить единый пакет. Аналитики уверяют, что такой ход действительно может привести к привлечению новых подписчиков за счёт выгодного предложения. Аналогичную модель в России представляют сервисы Яндекс.Плюс и Combo от Mail.ru Group.\r\n<br><br>\r\nПочему Apple News+ провалился?\r\nОсновным сервисом Apple News пользуются порядка 100 млн человек в месяц в США, Канаде, Великобритании и Австралии, однако число подписчиков на Apple News+ неизвестно до сих пор. Ещё во время анонса разные издательства достаточно сильно критиковали Apple News+, предупреждая, что механизм сделок купертиновцев с изданиями может привести к коллапсу и потерям в журналистике.\r\n<br><br>\r\nСхема распределения выручки от сервиса следующая: купертиновцы оставляют себе половину доходов от подписок на сервис. Остальное распределяется между изданиями, в зависимости от потраченного пользователями времени на чтение их материалов.\r\n<br><br>\r\nГазеты и журналы в том числе не хотели предоставлять News+ весь свой контент. Из-за этого необходимо нанимать новых сотрудников для создания эксклюзивного контента, а это влечёт за собой миллионные убытки. В News+ ограничено потребление контента сверх того, что выводится на поверхность: это значит, что редакторы News+ отбирают только бесплатный контент, после чего ИИ рекомендует пользователям только остатки одобренных материалов.\r\n<br><br>\r\nЕсть ли шанс улучшить положение?\r\nСкорее всего, да. Для начала купертиновцам предстоит нанять нового человека на должность руководителя отдела по развитию новостного бизнеса. Вероятно, это будет профессиональный деятель из сферы издательского бизнеса. На это намекают различные источники и такой ход будет объективно необходимым в данной ситуации.\r\n<br><br>\r\nДалее Apple попробует всё же представить условную экосистему, объединяющую подписки Apple News+, TV+ и Music. Это действительно может привести к улучшению показателей, однако купертиновцам всё же придётся искать новые модели распределения выручки от сервиса между самой компанией и изданиями. Apple должна предложить более выгодные условия крупнейшим газетам и журналам для расширения списка рекомендаций пользователей и улучшении контента, продвигаемого через News+.','media/st/img_6_BaIRWJe.png','2020-05-07 12:44:50',1,1,5,1,1),(13,'Несколько важных правил написания кода','Вы можете встретить много рекомендаций по работе современного разработчика. Мы хотим внести свою лепту в тему и предложить вашему вниманию список из пяти очень дельных советов.\r\n<br><br> \r\n1. Не пользуйтесь единым репозиторием\r\nВозможно, вы никогда не слышали о едином репозитории (тогда вам можно только позавидовать). Объясняем: в нем объединено большое количество репозиториев, содержащих исходное ПО для вашего проекта. \r\n<br><br> \r\nТакой принцип иногда оказывается полезным для масштабных приложений. Но даже в этом случае есть свои минусы. Например, разработчик обязан пользоваться subversion, а вот применять Git при всем желании не получится, ведь система не поддерживает subversion и другие sparse checkout.\r\n<br><br> \r\nSparse checkout дает возможность отдельно проверять каталоги, из которых состоит большое древо, при этом не проверяя его как в Git, целиком. Таким образом, программисты могут даже не пересекаться во время работы над обособленными частями древа. \r\n<br><br> \r\nВ Git подобное не позволительно, поэтому приходится для отдельных приложений делать отдельные репозитории.\r\n<br><br> \r\n2. Сначала – план решения, только потом инструменты\r\nСовершенно естественно, что у всех есть свой излюбленный инструментарий: Redis, MongoDB, MySQL или любой другой. Проблемой это становится тогда, когда мы на все задачи начинаем смотреть через призму этих инструментов и ищем решение не с позиции логики, а отталкиваясь от своего набора “любимчиков”. \r\n<br><br> \r\nПричем такими пагубными пристрастиями страдают не только отдельные программисты, но даже целые компании. Некоторые фирмы диктуют сотрудникам, какие технологии, фреймворки и т.п. они должны использовать, часто игнорируя мнение непосредственных исполнителей. \r\n<br><br> \r\nК тому же те, кто навязывают “простым смертным” инструментарий, как правило, недостаточно понимают связь между имеющимися задачами и целями, для которых создавались те или иные инструменты. Это, конечно же, не приводит ни к чему хорошему, а только создает ряд проблем и препятствий для разработчиков.\r\n<br><br> \r\nТак что прежде чем подбирать инструменты для проекта, сначала нужно его тщательно изучить, понять и разработать план реализации. Тогда поставленных целей удастся достичь гораздо быстрее и легче.\r\n<br><br> \r\n3. Не бойтесь спрашивать\r\nИ не отмахивайтесь от этого “детского” совета. На самом деле многие забывают о таком простом, но крайне важном правиле. Что-то непонятно? Спросите. Хотите уточнить определенный момент? Спросите. Сомневаетесь? Спросите.\r\n<br><br> \r\nКонечно, нет никаких гарантий, что вы получите исчерпывающий ответ или вообще хоть какой-нибудь. Но если вы не будете задавать вопросы, тогда точно ничего не выясните.\r\n<br><br> \r\nК тому же, это один из самых действенных способов, как влиться в коллектив или обосноваться на новом рабочем месте. Главное – не бойтесь показаться глупым. Обращаться со всевозможными вопросами к более опытным коллегам – это нормальная линия поведения для новичка. Только так можно разобраться во всех нюансах рабочего процесса организации, который довольно часто строится на принципах “так нужно”, “здесь так принято” и т.п. \r\n<br><br> \r\nСпрашивая, выведывая детали, оспаривая сложившиеся традиции и подвергая сомнению распространенные суждения, мы развиваем себя и окружающих. Всего лишь задавая грамотные вопросы можно избавиться от множества лишних вещей и значительно повысить качество своей работы и жизни.\r\n<br><br> \r\n4. Не пытайтесь вставить квадратный колышек в круглое отверстие\r\nВ жизни очень важно обращать внимание на обратную связь. Вибрация при нажатии клавиши на клавиатуре смартфона, ощущение тепла при касании к горячей чашке чая или реакция желудка, непереносящего лактозу, на рожок мороженого – все это виды обратной связи. И благодаря им мы понимаем, хорошо всё идёт или нет.\r\n<br><br> \r\nМногие наверняка хоть раз в процессе разработки проекта испытывали чувство, такой себе шепот внутреннего голоса, подсказывающий, что стоит изменить базу данных, чтобы добиться лучшего результата.\r\n\r\n<br><br> \r\n\r\nИли, перейдя на новое место работы, сталкивались с трудностями в общении с коллективом. Причем не всегда не удается найти общий язык из-за явных антипатий или некоммуникабельности. Просто не со всеми людьми одинаково легко сработаться. В таких случаях не нужно мучать себя, попытайтесь найти решение.\r\n\r\n<br><br> \r\n\r\nЛучше обсудите с менеджером возможность перейти в другую команду; всё-таки смените БД и начните работать с ОРМ. Не стучитесь в закрытые двери и не толките воду в ступе! Вместо этого сделайте так, чтобы у вас была возможность действовать в комфортных условиях. А проблемой совмещения квадратных колышков с круглыми отверстиями позвольте заняться умникам вроде учёных NASA.\r\n<br><br> \r\n5. Выбирайте  лучшие инструменты (не зацикливайтесь на Java)\r\nНесмотря на то, что следующие слова вызовут у многих бурю негодования, мы решимся это сказать: современная индустрия больше не нуждается в Java.\r\n\r\n<br><br> \r\n\r\nКонечно, этот язык обладает рядом весомых преимуществ. Но если судить объективно, сейчас при работе с инженерными средами они редко пригождаются. Давайте перечислим главные достоинства Java:\r\n<br><br> \r\nкроссплатформенность (можно запустить где угодно);\r\nсборка мусора (позволяет автоматически управлять памятью);\r\nбольшое сообщество и огромное число библиотек, плагинов и прочих инструментов для JVM. \r\n\r\n\r\nА теперь попробуем взглянуть на вещи трезво. Сколько вы можете назвать магазинов софта, применяющих в работе Java, которые разрабатывают один код и намерены запускать его на многих ОС или архитектурах? Наверняка таких не большинство. \r\n\r\n\r\n\r\nЧто касается управления памятью, тут Java не уникальна. Подобной возможностью обладают и Go с Rust, а в Python и нескольких других языках аналогом является подсчет ссылок.\r\n\r\nКрупным, активным и отзывчивым сообществом могут похвалиться Rust и Python. С каждым днем возрастает коммьюнити и у Go. \r\n\r\n\r\n\r\nВ конце концов, не стоит забывать и о недостатках Java, которые нивелируют все перечисленные преимущества. Один из таких – зависимость языка от JVM, из-за чего приложениям требуется больше памяти для работы.\r\n\r\n\r\n\r\nДля серверов со свободными гигабайтами этот момент не критичен: им не сложно найти место для нескольких сотен мегабайт. А вот другие информационные пространства, чуть более плотно контейнезированные, позволить себе такую астрономическую цифру не могут. Справедливости ради заметим, что и Python имеет эту проблему.\r\n\r\n\r\n\r\nА вот контейнеры компилируемых конкурентов Java вроде Rust и Go очень маленькие и скудные. Они чаще всего имеют лишь единственную двоичную систему и весят примерно 4 Мб. Это имеет значение для крупных компаний, в которых сетевая производительность играет важнейшую роль. Между контейнерами размером 5 и 400 Мб они естественно предпочтут загружать первые.\r\n\r\n\r\n\r\nПомимо прочего, JVM и JIT-компиляция сильно снижают производительность Java-кода. С точки зрения быстрого софта такой недостаток точно перечеркивает все достоинства Java.\r\n\r\nТаким образом, вам всегда нужно заботиться о том, чтобы работать с самым подходящим инструментом. Вряд ли кто-то решит применять BASIC для организации полета на Луну. Вот и Java не лучший вариант для вычислений высокой производительности. Не ленитесь искать решение, которое наилучшим образом подойдет для вашей конкретной задачи.','media/st/img_7_epcxuJd.jpeg','2020-05-09 15:27:32',0,1,1,1,1),(14,'10 интересных веб-экспериментов на основе HTML, CSS и JavaScript','Талантливые разработчики и дизайнеры всего мира не перестают выпускать новые удивительные проекты. Приглашаем вас посмотреть на самые захватывающие из них. \r\n<br><br>\r\nОсобенно круто, что каждый элемент этой подборки создан с использованием только простейших технологий: JavaScript, HTML и CSS.\r\n<br><br>\r\n#1 - Интерактивный кассовый аппарат\r\nВы можете «прикоснуться» к настоящей ретро-машине – старому кассовому аппарату. С помощью кнопок прибавляйте, вычитайте и даже печатайте квитанцию. А при нажатии на «TEND» наслаждайтесь забавной анимацией появляющихся денег в сопровождении звуковых эффектов.  \r\n<br>\r\nСсылка: https://codepen.io/jh3y/pen/pVBeLM\r\n<br><br>\r\n#2 - Cubewave 10\r\nОчень приятная глазу демонстрация, на которой три квадрата вращаются и принимают разные формы, создавая иллюзию трехмерного пространства. Все это в красивом цветовом оформлении и с плавными переходами.\r\n<br>\r\nСсылка: https://codepen.io/cobra_winfrey/pen/ERPBOJ\r\n<br><br>\r\n#3 - Кошки-смайлы\r\nЗдесь представлены эмоджи в виде кошачьих мордашек. Цифра в правом углу каждой картинки показывает, сколько раз ею поделились в соцсетях. Нажав на смайл, вы тоже можете воспользоваться этой функцией, чтобы сделать свой профиль или сайт более красочным и веселым.\r\n<br>\r\nСсылка: https://codepen.io/ines/pen/ojoyKZ\r\n<br><br>\r\n#4 - Умный домашний температурный ползунок\r\nПеред нами интерактивный водный термометр, ползунок которого пользователь должен самостоятельно передвигать между значениями 0 и 100. С увеличением или уменьшением температуры цвет жидкости внутри прибора тоже будет меняться. \r\n<br><br>\r\nСсылка: https://codepen.io/chrisgannon/pen/vjNNew\r\n<br>\r\n#5 - Частицы\r\nДемонстрация состоит из огромного количества разноцветных частиц, плавно перемещающихся по заданной траектории. Несмотря на сложное движение элементов и их обилие, проект работает без задержек, отставаний и замедлений.\r\n<br>\r\nСсылка: https://codepen.io/cvaneenige/pen/odpVPW\r\n<br><br>\r\n#6 - Мобильный Twitter \r\nНа экране смартфона мы видим копию приложения Twitter, созданную с использованием Vue.js. Клон работает точно так же, как настоящая соцсеть, т. е. вы можете листать ленту, публиковать и лайкать твиты, а также загружать свои фотографии.\r\n<br>\r\nСсылка: https://codepen.io/itslit/pen/MGzGab\r\n<br><br>\r\n#7 - Соедините четверку\r\nЛогическая игра для двоих. Игроки по очереди должны сбрасывать в любую колонку поля диск своего цвета (красный/черный). Цель – выстроить 4 своих диска подряд в ряд в любом направлении: горизонтально, вертикально или по-диагонали. Если доска заполняется до того, как любому из участников игры удается это сделать, объявляется ничья. \r\n<br>\r\nСсылка: https://codepen.io/williamsjs/pen/VdLPWm\r\n<br><br>\r\n#8 - Заблудившийся в виртуальном лесу \r\nПользователя помещают в VR-лес, где можно осмотреться и побродить среди деревьев с хорошей графикой, бликами и тенями. Для лучшего погружения в этот мир рекомендуем воспользоваться гарнитурой виртуальной реальности. \r\n<br>\r\nСсылка: https://codepen.io/PolarStarSpectrum/pen/pVZqMG\r\n<br><br>\r\n#10 - Концентрические круги\r\nФантастическое демо с вращающимися концентрическими кругами, которые перетекают из одной формы в другую. Так как анимация построена только на  CSS-переходах, кадры сменяются супер гладко и складно.\r\n<br>\r\nСсылка: https://codepen.io/Mamboleoo/pen/WyQKGX','media/st/img_8_1VA0AJ9.jpg','2020-05-09 15:35:52',0,1,1,1,1);
/*!40000 ALTER TABLE `st_articles` ENABLE KEYS */;
UNLOCK TABLES;

--
-- Table structure for table `st_categoryarticles`
--

DROP TABLE IF EXISTS `st_categoryarticles`;
/*!40101 SET @saved_cs_client     = @@character_set_client */;
/*!40101 SET character_set_client = utf8 */;
CREATE TABLE `st_categoryarticles` (
  `id` int(11) NOT NULL AUTO_INCREMENT,
  `name` varchar(64) COLLATE utf8mb4_unicode_ci NOT NULL,
  `is_active` tinyint(1) NOT NULL,
  PRIMARY KEY (`id`)
) ENGINE=InnoDB AUTO_INCREMENT=6 DEFAULT CHARSET=utf8mb4 COLLATE=utf8mb4_unicode_ci;
/*!40101 SET character_set_client = @saved_cs_client */;

--
-- Dumping data for table `st_categoryarticles`
--

LOCK TABLES `st_categoryarticles` WRITE;
/*!40000 ALTER TABLE `st_categoryarticles` DISABLE KEYS */;
INSERT INTO `st_categoryarticles` VALUES (1,'Программирование',1),(2,'Новые технологии',1),(3,'IT-сфера',1),(4,'OS',1),(5,'Mac iOS',1);
/*!40000 ALTER TABLE `st_categoryarticles` ENABLE KEYS */;
UNLOCK TABLES;

--
-- Table structure for table `user_profile`
--

DROP TABLE IF EXISTS `user_profile`;
/*!40101 SET @saved_cs_client     = @@character_set_client */;
/*!40101 SET character_set_client = utf8 */;
CREATE TABLE `user_profile` (
  `id` int(11) NOT NULL AUTO_INCREMENT,
  `user_id` int(11) NOT NULL,
  `image` varchar(100) COLLATE utf8mb4_unicode_ci NOT NULL,
  PRIMARY KEY (`id`),
  UNIQUE KEY `username_id` (`user_id`),
  CONSTRAINT `user_profile_user_id_8fdce8e2_fk_auth_user_id` FOREIGN KEY (`user_id`) REFERENCES `auth_user` (`id`)
) ENGINE=InnoDB AUTO_INCREMENT=3 DEFAULT CHARSET=utf8mb4 COLLATE=utf8mb4_unicode_ci;
/*!40101 SET character_set_client = @saved_cs_client */;

--
-- Dumping data for table `user_profile`
--

LOCK TABLES `user_profile` WRITE;
/*!40000 ALTER TABLE `user_profile` DISABLE KEYS */;
INSERT INTO `user_profile` VALUES (1,1,'media/image_user/noimage.png'),(2,3,'media/image_user/noimage.png');
/*!40000 ALTER TABLE `user_profile` ENABLE KEYS */;
UNLOCK TABLES;
/*!40103 SET TIME_ZONE=@OLD_TIME_ZONE */;

/*!40101 SET SQL_MODE=@OLD_SQL_MODE */;
/*!40014 SET FOREIGN_KEY_CHECKS=@OLD_FOREIGN_KEY_CHECKS */;
/*!40014 SET UNIQUE_CHECKS=@OLD_UNIQUE_CHECKS */;
/*!40101 SET CHARACTER_SET_CLIENT=@OLD_CHARACTER_SET_CLIENT */;
/*!40101 SET CHARACTER_SET_RESULTS=@OLD_CHARACTER_SET_RESULTS */;
/*!40101 SET COLLATION_CONNECTION=@OLD_COLLATION_CONNECTION */;
/*!40111 SET SQL_NOTES=@OLD_SQL_NOTES */;

-- Dump completed on 2020-05-27 18:01:33
